2026-06-06 07:48:06.447 +05:30 [INF] User profile is available. Using 'C:\Users\uSER\AppData\Local\ASP.NET\DataProtection-Keys' as key repository and Windows DPAPI to encrypt keys at rest.
2026-06-06 07:48:11.148 +05:30 [INF] Executed DbCommand (27ms) [Parameters=[], CommandType='"Text"', CommandTimeout='30']
SELECT 1
2026-06-06 07:48:11.196 +05:30 [INF] Executed DbCommand (32ms) [Parameters=[], CommandType='"Text"', CommandTimeout='30']
SELECT OBJECT_ID(N'[__EFMigrationsHistory]');
2026-06-06 07:48:11.201 +05:30 [INF] Executed DbCommand (0ms) [Parameters=[], CommandType='"Text"', CommandTimeout='30']
SELECT 1
2026-06-06 07:48:11.204 +05:30 [INF] Executed DbCommand (1ms) [Parameters=[], CommandType='"Text"', CommandTimeout='30']
SELECT OBJECT_ID(N'[__EFMigrationsHistory]');
2026-06-06 07:48:11.291 +05:30 [INF] Executed DbCommand (72ms) [Parameters=[], CommandType='"Text"', CommandTimeout='30']
SELECT [MigrationId], [ProductVersion]
FROM [__EFMigrationsHistory]
ORDER BY [MigrationId];
2026-06-06 07:48:11.310 +05:30 [INF] No migrations were applied. The database is already up to date.
2026-06-06 07:48:11.697 +05:30 [INF] Executed DbCommand (148ms) [Parameters=[@__normalizedName_0='?' (Size = 256)], CommandType='"Text"', CommandTimeout='30']
SELECT TOP(1) [r].[Id], [r].[ConcurrencyStamp], [r].[Name], [r].[NormalizedName]
FROM [Roles] AS [r]
WHERE [r].[NormalizedName] = @__normalizedName_0
2026-06-06 07:48:11.746 +05:30 [INF] Executed DbCommand (1ms) [Parameters=[@__normalizedName_0='?' (Size = 256)], CommandType='"Text"', CommandTimeout='30']
SELECT TOP(1) [r].[Id], [r].[ConcurrencyStamp], [r].[Name], [r].[NormalizedName]
FROM [Roles] AS [r]
WHERE [r].[NormalizedName] = @__normalizedName_0
2026-06-06 07:48:11.749 +05:30 [INF] Executed DbCommand (0ms) [Parameters=[@__normalizedName_0='?' (Size = 256)], CommandType='"Text"', CommandTimeout='30']
SELECT TOP(1) [r].[Id], [r].[ConcurrencyStamp], [r].[Name], [r].[NormalizedName]
FROM [Roles] AS [r]
WHERE [r].[NormalizedName] = @__normalizedName_0
2026-06-06 07:48:11.779 +05:30 [INF] Executed DbCommand (13ms) [Parameters=[@__normalizedEmail_0='?' (Size = 256)], CommandType='"Text"', CommandTimeout='30']
SELECT TOP(2) [u].[Id], [u].[AccessFailedCount], [u].[ConcurrencyStamp], [u].[CreatedAt], [u].[Email], [u].[EmailConfirmed], [u].[FirstName], [u].[IsActive], [u].[LastName], [u].[LockoutEnabled], [u].[LockoutEnd], [u].[NormalizedEmail], [u].[NormalizedUserName], [u].[PasswordHash], [u].[PhoneNumber], [u].[PhoneNumberConfirmed], [u].[ProfileImagePath], [u].[SecurityStamp], [u].[TwoFactorEnabled], [u].[UpdatedAt], [u].[UserName]
FROM [Users] AS [u]
WHERE [u].[NormalizedEmail] = @__normalizedEmail_0
2026-06-06 07:48:12.104 +05:30 [INF] Now listening on: https://localhost:7170
2026-06-06 07:48:12.106 +05:30 [INF] Now listening on: http://localhost:5263
2026-06-06 07:48:12.139 +05:30 [INF] Application started. Press Ctrl+C to shut down.
2026-06-06 07:48:12.141 +05:30 [INF] Hosting environment: Development
2026-06-06 07:48:12.142 +05:30 [INF] Content root path: D:\Dot Net\AIResumeScreeningSystem\AIResumeScreeningSystem
2026-06-06 07:48:12.639 +05:30 [INF] Request starting HTTP/2 GET https://localhost:7170/ - null null
2026-06-06 07:48:12.873 +05:30 [INF] Executing endpoint 'AIResumeScreeningSystem.Controllers.HomeController.Index (AIResumeScreeningSystem)'
2026-06-06 07:48:12.892 +05:30 [INF] Route matched with {action = "Index", controller = "Home"}. Executing controller action with signature Microsoft.AspNetCore.Mvc.IActionResult Index() on controller AIResumeScreeningSystem.Controllers.HomeController (AIResumeScreeningSystem).
2026-06-06 07:48:12.910 +05:30 [INF] Executing ViewResult, running view Index.
2026-06-06 07:48:13.030 +05:30 [INF] Executed ViewResult - view Index executed in 124.7968ms.
2026-06-06 07:48:13.037 +05:30 [INF] Executed action AIResumeScreeningSystem.Controllers.HomeController.Index (AIResumeScreeningSystem) in 141.0867ms
2026-06-06 07:48:13.039 +05:30 [INF] Executed endpoint 'AIResumeScreeningSystem.Controllers.HomeController.Index (AIResumeScreeningSystem)'
2026-06-06 07:48:13.045 +05:30 [INF] Request starting HTTP/2 GET https://localhost:7170/_framework/aspnetcore-browser-refresh.js - null null
2026-06-06 07:48:13.046 +05:30 [INF] Request starting HTTP/2 GET https://localhost:7170/_vs/browserLink - null null
2026-06-06 07:48:13.050 +05:30 [INF] Request finished HTTP/2 GET https://localhost:7170/ - 200 null text/html; charset=utf-8 415.9862ms
2026-06-06 07:48:13.054 +05:30 [INF] Request finished HTTP/2 GET https://localhost:7170/_framework/aspnetcore-browser-refresh.js - 200 14951 application/javascript; charset=utf-8 9.0299ms
2026-06-06 07:48:13.142 +05:30 [INF] Request finished HTTP/2 GET https://localhost:7170/_vs/browserLink - 200 null text/javascript; charset=UTF-8 96.4498ms
2026-06-06 07:48:21.771 +05:30 [INF] Request starting HTTP/2 GET https://localhost:7170/Account/Login - null null
2026-06-06 07:48:21.782 +05:30 [INF] Executing endpoint 'AIResumeScreeningSystem.Controllers.AccountController.Login (AIResumeScreeningSystem)'
2026-06-06 07:48:21.790 +05:30 [INF] Route matched with {action = "Login", controller = "Account"}. Executing controller action with signature Microsoft.AspNetCore.Mvc.IActionResult Login(System.String) on controller AIResumeScreeningSystem.Controllers.AccountController (AIResumeScreeningSystem).
2026-06-06 07:48:21.805 +05:30 [INF] Executing ViewResult, running view Login.
2026-06-06 07:48:21.891 +05:30 [INF] Executed ViewResult - view Login executed in 87.8797ms.
2026-06-06 07:48:21.893 +05:30 [INF] Executed action AIResumeScreeningSystem.Controllers.AccountController.Login (AIResumeScreeningSystem) in 101.6793ms
2026-06-06 07:48:21.895 +05:30 [INF] Executed endpoint 'AIResumeScreeningSystem.Controllers.AccountController.Login (AIResumeScreeningSystem)'
2026-06-06 07:48:21.897 +05:30 [INF] Request finished HTTP/2 GET https://localhost:7170/Account/Login - 200 null text/html; charset=utf-8 125.6766ms
2026-06-06 07:48:21.922 +05:30 [INF] Request starting HTTP/2 GET https://localhost:7170/lib/jquery-validation-unobtrusive/jquery.validate.unobtrusive.min.js - null null
2026-06-06 07:48:21.922 +05:30 [INF] Request starting HTTP/2 GET https://localhost:7170/_framework/aspnetcore-browser-refresh.js - null null
2026-06-06 07:48:21.922 +05:30 [INF] Request starting HTTP/2 GET https://localhost:7170/lib/jquery-validation/dist/jquery.validate.min.js - null null
2026-06-06 07:48:21.922 +05:30 [INF] Request starting HTTP/2 GET https://localhost:7170/_vs/browserLink - null null
2026-06-06 07:48:21.928 +05:30 [INF] Request finished HTTP/2 GET https://localhost:7170/_framework/aspnetcore-browser-refresh.js - 200 14951 application/javascript; charset=utf-8 5.9368ms
2026-06-06 07:48:21.937 +05:30 [INF] Request finished HTTP/2 GET https://localhost:7170/_vs/browserLink - 200 null text/javascript; charset=UTF-8 15.0797ms
2026-06-06 07:48:21.958 +05:30 [INF] The file /lib/jquery-validation-unobtrusive/jquery.validate.unobtrusive.min.js was not modified
2026-06-06 07:48:21.958 +05:30 [INF] The file /lib/jquery-validation/dist/jquery.validate.min.js was not modified
2026-06-06 07:48:21.960 +05:30 [INF] Request finished HTTP/2 GET https://localhost:7170/lib/jquery-validation-unobtrusive/jquery.validate.unobtrusive.min.js - 304 null text/javascript 37.92ms
2026-06-06 07:48:21.961 +05:30 [INF] Request finished HTTP/2 GET https://localhost:7170/lib/jquery-validation/dist/jquery.validate.min.js - 304 null text/javascript 39.2963ms
2026-06-06 07:48:39.874 +05:30 [INF] Request starting HTTP/2 GET https://localhost:7170/Account/Login - null null
2026-06-06 07:48:39.884 +05:30 [INF] Executing endpoint 'AIResumeScreeningSystem.Controllers.AccountController.Login (AIResumeScreeningSystem)'
2026-06-06 07:48:39.886 +05:30 [INF] Route matched with {action = "Login", controller = "Account"}. Executing controller action with signature Microsoft.AspNetCore.Mvc.IActionResult Login(System.String) on controller AIResumeScreeningSystem.Controllers.AccountController (AIResumeScreeningSystem).
2026-06-06 07:48:39.889 +05:30 [INF] Executing ViewResult, running view Login.
2026-06-06 07:48:39.895 +05:30 [INF] Executed ViewResult - view Login executed in 5.9955ms.
2026-06-06 07:48:39.896 +05:30 [INF] Executed action AIResumeScreeningSystem.Controllers.AccountController.Login (AIResumeScreeningSystem) in 9.0031ms
2026-06-06 07:48:39.898 +05:30 [INF] Executed endpoint 'AIResumeScreeningSystem.Controllers.AccountController.Login (AIResumeScreeningSystem)'
2026-06-06 07:48:39.900 +05:30 [INF] Request finished HTTP/2 GET https://localhost:7170/Account/Login - 200 null text/html; charset=utf-8 26.4345ms
2026-06-06 07:48:39.931 +05:30 [INF] Request starting HTTP/2 GET https://localhost:7170/_framework/aspnetcore-browser-refresh.js - null null
2026-06-06 07:48:39.933 +05:30 [INF] Request starting HTTP/2 GET https://localhost:7170/lib/jquery-validation/dist/jquery.validate.min.js - null null
2026-06-06 07:48:39.933 +05:30 [INF] Request starting HTTP/2 GET https://localhost:7170/lib/jquery-validation-unobtrusive/jquery.validate.unobtrusive.min.js - null null
2026-06-06 07:48:39.933 +05:30 [INF] Request starting HTTP/2 GET https://localhost:7170/_vs/browserLink - null null
2026-06-06 07:48:39.937 +05:30 [INF] Request finished HTTP/2 GET https://localhost:7170/_framework/aspnetcore-browser-refresh.js - 200 14951 application/javascript; charset=utf-8 5.3082ms
2026-06-06 07:48:39.939 +05:30 [INF] The file /lib/jquery-validation/dist/jquery.validate.min.js was not modified
2026-06-06 07:48:39.943 +05:30 [INF] The file /lib/jquery-validation-unobtrusive/jquery.validate.unobtrusive.min.js was not modified
2026-06-06 07:48:39.950 +05:30 [INF] Request finished HTTP/2 GET https://localhost:7170/_vs/browserLink - 200 null text/javascript; charset=UTF-8 16.6304ms
2026-06-06 07:48:39.952 +05:30 [INF] Request finished HTTP/2 GET https://localhost:7170/lib/jquery-validation/dist/jquery.validate.min.js - 304 null text/javascript 19.107ms
2026-06-06 07:48:39.953 +05:30 [INF] Request finished HTTP/2 GET https://localhost:7170/lib/jquery-validation-unobtrusive/jquery.validate.unobtrusive.min.js - 304 null text/javascript 20.5487ms
2026-06-06 07:48:42.351 +05:30 [INF] Request starting HTTP/2 GET https://localhost:7170/Account/Login - null null
2026-06-06 07:48:42.356 +05:30 [INF] Executing endpoint 'AIResumeScreeningSystem.Controllers.AccountController.Login (AIResumeScreeningSystem)'
2026-06-06 07:48:42.357 +05:30 [INF] Route matched with {action = "Login", controller = "Account"}. Executing controller action with signature Microsoft.AspNetCore.Mvc.IActionResult Login(System.String) on controller AIResumeScreeningSystem.Controllers.AccountController (AIResumeScreeningSystem).
2026-06-06 07:48:42.369 +05:30 [INF] Executing ViewResult, running view Login.
2026-06-06 07:48:42.377 +05:30 [INF] Executed ViewResult - view Login executed in 8.1102ms.
2026-06-06 07:48:42.378 +05:30 [INF] Executed action AIResumeScreeningSystem.Controllers.AccountController.Login (AIResumeScreeningSystem) in 20.1788ms
2026-06-06 07:48:42.380 +05:30 [INF] Executed endpoint 'AIResumeScreeningSystem.Controllers.AccountController.Login (AIResumeScreeningSystem)'
2026-06-06 07:48:42.381 +05:30 [INF] Request finished HTTP/2 GET https://localhost:7170/Account/Login - 200 null text/html; charset=utf-8 29.927ms
2026-06-06 07:48:42.400 +05:30 [INF] Request starting HTTP/2 GET https://localhost:7170/_framework/aspnetcore-browser-refresh.js - null null
2026-06-06 07:48:42.400 +05:30 [INF] Request starting HTTP/2 GET https://localhost:7170/_vs/browserLink - null null
2026-06-06 07:48:42.403 +05:30 [INF] Request finished HTTP/2 GET https://localhost:7170/_framework/aspnetcore-browser-refresh.js - 200 14951 application/javascript; charset=utf-8 2.8099ms
2026-06-06 07:48:42.409 +05:30 [INF] Request finished HTTP/2 GET https://localhost:7170/_vs/browserLink - 200 null text/javascript; charset=UTF-8 9.5474ms
2026-06-06 07:48:44.505 +05:30 [INF] Request starting HTTP/2 POST https://localhost:7170/Account/Login - application/x-www-form-urlencoded 266
2026-06-06 07:48:44.509 +05:30 [INF] Executing endpoint 'AIResumeScreeningSystem.Controllers.AccountController.Login (AIResumeScreeningSystem)'
2026-06-06 07:48:44.516 +05:30 [INF] Route matched with {action = "Login", controller = "Account"}. Executing controller action with signature System.Threading.Tasks.Task`1[Microsoft.AspNetCore.Mvc.IActionResult] Login(AIResumeScreeningSystem.ViewModels.Account.LoginViewModel) on controller AIResumeScreeningSystem.Controllers.AccountController (AIResumeScreeningSystem).
2026-06-06 07:48:44.568 +05:30 [INF] Executed DbCommand (1ms) [Parameters=[@__normalizedEmail_0='?' (Size = 256)], CommandType='"Text"', CommandTimeout='30']
SELECT TOP(2) [u].[Id], [u].[AccessFailedCount], [u].[ConcurrencyStamp], [u].[CreatedAt], [u].[Email], [u].[EmailConfirmed], [u].[FirstName], [u].[IsActive], [u].[LastName], [u].[LockoutEnabled], [u].[LockoutEnd], [u].[NormalizedEmail], [u].[NormalizedUserName], [u].[PasswordHash], [u].[PhoneNumber], [u].[PhoneNumberConfirmed], [u].[ProfileImagePath], [u].[SecurityStamp], [u].[TwoFactorEnabled], [u].[UpdatedAt], [u].[UserName]
FROM [Users] AS [u]
WHERE [u].[NormalizedEmail] = @__normalizedEmail_0
2026-06-06 07:48:44.707 +05:30 [INF] Executed DbCommand (13ms) [Parameters=[@__user_Id_0='?' (Size = 450)], CommandType='"Text"', CommandTimeout='30']
SELECT [u].[Id], [u].[ClaimType], [u].[ClaimValue], [u].[UserId]
FROM [UserClaims] AS [u]
WHERE [u].[UserId] = @__user_Id_0
2026-06-06 07:48:44.755 +05:30 [INF] Executed DbCommand (25ms) [Parameters=[@__userId_0='?' (Size = 450)], CommandType='"Text"', CommandTimeout='30']
SELECT [r].[Name]
FROM [UserRoles] AS [u]
INNER JOIN [Roles] AS [r] ON [u].[RoleId] = [r].[Id]
WHERE [u].[UserId] = @__userId_0
2026-06-06 07:48:44.758 +05:30 [INF] Executed DbCommand (0ms) [Parameters=[@__normalizedName_0='?' (Size = 256)], CommandType='"Text"', CommandTimeout='30']
SELECT TOP(1) [r].[Id], [r].[ConcurrencyStamp], [r].[Name], [r].[NormalizedName]
FROM [Roles] AS [r]
WHERE [r].[NormalizedName] = @__normalizedName_0
2026-06-06 07:48:44.768 +05:30 [INF] Executed DbCommand (4ms) [Parameters=[@__role_Id_0='?' (Size = 450)], CommandType='"Text"', CommandTimeout='30']
SELECT [r].[ClaimType], [r].[ClaimValue]
FROM [RoleClaims] AS [r]
WHERE [r].[RoleId] = @__role_Id_0
2026-06-06 07:48:44.773 +05:30 [INF] AuthenticationScheme: Identity.Application signed in.
2026-06-06 07:48:44.788 +05:30 [INF] Executed DbCommand (4ms) [Parameters=[@__normalizedUserName_0='?' (Size = 256)], CommandType='"Text"', CommandTimeout='30']
SELECT TOP(1) [u].[Id], [u].[AccessFailedCount], [u].[ConcurrencyStamp], [u].[CreatedAt], [u].[Email], [u].[EmailConfirmed], [u].[FirstName], [u].[IsActive], [u].[LastName], [u].[LockoutEnabled], [u].[LockoutEnd], [u].[NormalizedEmail], [u].[NormalizedUserName], [u].[PasswordHash], [u].[PhoneNumber], [u].[PhoneNumberConfirmed], [u].[ProfileImagePath], [u].[SecurityStamp], [u].[TwoFactorEnabled], [u].[UpdatedAt], [u].[UserName]
FROM [Users] AS [u]
WHERE [u].[NormalizedUserName] = @__normalizedUserName_0
2026-06-06 07:48:44.792 +05:30 [INF] Executed DbCommand (1ms) [Parameters=[@__normalizedEmail_0='?' (Size = 256)], CommandType='"Text"', CommandTimeout='30']
SELECT TOP(2) [u].[Id], [u].[AccessFailedCount], [u].[ConcurrencyStamp], [u].[CreatedAt], [u].[Email], [u].[EmailConfirmed], [u].[FirstName], [u].[IsActive], [u].[LastName], [u].[LockoutEnabled], [u].[LockoutEnd], [u].[NormalizedEmail], [u].[NormalizedUserName], [u].[PasswordHash], [u].[PhoneNumber], [u].[PhoneNumberConfirmed], [u].[ProfileImagePath], [u].[SecurityStamp], [u].[TwoFactorEnabled], [u].[UpdatedAt], [u].[UserName]
FROM [Users] AS [u]
WHERE [u].[NormalizedEmail] = @__normalizedEmail_0
2026-06-06 07:48:44.961 +05:30 [INF] Executed DbCommand (80ms) [Parameters=[@p20='?' (Size = 450), @p0='?' (DbType = Int32), @p1='?' (Size = 4000), @p21='?' (Size = 4000), @p2='?' (DbType = DateTime2), @p3='?' (Size = 256), @p4='?' (DbType = Boolean), @p5='?' (Size = 100), @p6='?' (DbType = Boolean), @p7='?' (Size = 100), @p8='?' (DbType = Boolean), @p9='?' (DbType = DateTimeOffset), @p10='?' (Size = 256), @p11='?' (Size = 256), @p12='?' (Size = 4000), @p13='?' (Size = 20), @p14='?' (DbType = Boolean), @p15='?' (Size = 500), @p16='?' (Size = 4000), @p17='?' (DbType = Boolean), @p18='?' (DbType = DateTime2), @p19='?' (Size = 256)], CommandType='"Text"', CommandTimeout='30']
SET IMPLICIT_TRANSACTIONS OFF;
SET NOCOUNT ON;
UPDATE [Users] SET [AccessFailedCount] = @p0, [ConcurrencyStamp] = @p1, [CreatedAt] = @p2, [Email] = @p3, [EmailConfirmed] = @p4, [FirstName] = @p5, [IsActive] = @p6, [LastName] = @p7, [LockoutEnabled] = @p8, [LockoutEnd] = @p9, [NormalizedEmail] = @p10, [NormalizedUserName] = @p11, [PasswordHash] = @p12, [PhoneNumber] = @p13, [PhoneNumberConfirmed] = @p14, [ProfileImagePath] = @p15, [SecurityStamp] = @p16, [TwoFactorEnabled] = @p17, [UpdatedAt] = @p18, [UserName] = @p19
OUTPUT 1
WHERE [Id] = @p20 AND [ConcurrencyStamp] = @p21;
2026-06-06 07:48:44.974 +05:30 [INF] User logged in: admin@airesumescreen.com
2026-06-06 07:48:44.977 +05:30 [INF] Executed DbCommand (1ms) [Parameters=[@__normalizedEmail_0='?' (Size = 256)], CommandType='"Text"', CommandTimeout='30']
SELECT TOP(2) [u].[Id], [u].[AccessFailedCount], [u].[ConcurrencyStamp], [u].[CreatedAt], [u].[Email], [u].[EmailConfirmed], [u].[FirstName], [u].[IsActive], [u].[LastName], [u].[LockoutEnabled], [u].[LockoutEnd], [u].[NormalizedEmail], [u].[NormalizedUserName], [u].[PasswordHash], [u].[PhoneNumber], [u].[PhoneNumberConfirmed], [u].[ProfileImagePath], [u].[SecurityStamp], [u].[TwoFactorEnabled], [u].[UpdatedAt], [u].[UserName]
FROM [Users] AS [u]
WHERE [u].[NormalizedEmail] = @__normalizedEmail_0
2026-06-06 07:48:44.986 +05:30 [INF] Executed DbCommand (1ms) [Parameters=[@__userId_0='?' (Size = 450)], CommandType='"Text"', CommandTimeout='30']
SELECT [r].[Name]
FROM [UserRoles] AS [u]
INNER JOIN [Roles] AS [r] ON [u].[RoleId] = [r].[Id]
WHERE [u].[UserId] = @__userId_0
2026-06-06 07:48:44.990 +05:30 [INF] Executing RedirectResult, redirecting to /Admin/Dashboard.
2026-06-06 07:48:44.991 +05:30 [INF] Executed action AIResumeScreeningSystem.Controllers.AccountController.Login (AIResumeScreeningSystem) in 473.5378ms
2026-06-06 07:48:44.993 +05:30 [INF] Executed endpoint 'AIResumeScreeningSystem.Controllers.AccountController.Login (AIResumeScreeningSystem)'
2026-06-06 07:48:44.996 +05:30 [INF] Request finished HTTP/2 POST https://localhost:7170/Account/Login - 302 null null 490.6655ms
2026-06-06 07:48:44.997 +05:30 [INF] Request starting HTTP/2 GET https://localhost:7170/Admin/Dashboard - null null
2026-06-06 07:48:45.008 +05:30 [INF] Executing endpoint 'AIResumeScreeningSystem.Controllers.AdminController.Dashboard (AIResumeScreeningSystem)'
2026-06-06 07:48:45.011 +05:30 [INF] Route matched with {action = "Dashboard", controller = "Admin"}. Executing controller action with signature System.Threading.Tasks.Task`1[Microsoft.AspNetCore.Mvc.IActionResult] Dashboard() on controller AIResumeScreeningSystem.Controllers.AdminController (AIResumeScreeningSystem).
2026-06-06 07:48:45.101 +05:30 [INF] Executed DbCommand (5ms) [Parameters=[], CommandType='"Text"', CommandTimeout='30']
SELECT [u].[Id], [u].[AccessFailedCount], [u].[ConcurrencyStamp], [u].[CreatedAt], [u].[Email], [u].[EmailConfirmed], [u].[FirstName], [u].[IsActive], [u].[LastName], [u].[LockoutEnabled], [u].[LockoutEnd], [u].[NormalizedEmail], [u].[NormalizedUserName], [u].[PasswordHash], [u].[PhoneNumber], [u].[PhoneNumberConfirmed], [u].[ProfileImagePath], [u].[SecurityStamp], [u].[TwoFactorEnabled], [u].[UpdatedAt], [u].[UserName]
FROM [Users] AS [u]
2026-06-06 07:48:45.150 +05:30 [INF] Executed DbCommand (37ms) [Parameters=[], CommandType='"Text"', CommandTimeout='30']
SELECT TOP(1) [r].[Id], [r].[ConcurrencyStamp], [r].[Name], [r].[NormalizedName]
FROM [Roles] AS [r]
WHERE [r].[Name] = N'Candidate'
2026-06-06 07:48:45.165 +05:30 [INF] Executed DbCommand (3ms) [Parameters=[], CommandType='"Text"', CommandTimeout='30']
SELECT TOP(1) [r].[Id], [r].[ConcurrencyStamp], [r].[Name], [r].[NormalizedName]
FROM [Roles] AS [r]
WHERE [r].[Name] = N'Recruiter'
2026-06-06 07:48:45.243 +05:30 [INF] Executed DbCommand (6ms) [Parameters=[@__candidateRole_Id_0='?' (Size = 450)], CommandType='"Text"', CommandTimeout='30']
SELECT COUNT(*)
FROM [UserRoles] AS [u]
WHERE [u].[RoleId] = @__candidateRole_Id_0
2026-06-06 07:48:45.256 +05:30 [INF] Executed DbCommand (3ms) [Parameters=[@__recruiterRole_Id_0='?' (Size = 450)], CommandType='"Text"', CommandTimeout='30']
SELECT COUNT(*)
FROM [UserRoles] AS [u]
WHERE [u].[RoleId] = @__recruiterRole_Id_0
2026-06-06 07:48:45.277 +05:30 [INF] Executed DbCommand (3ms) [Parameters=[], CommandType='"Text"', CommandTimeout='30']
SELECT [j].[Id], [j].[Company], [j].[Department], [j].[Description], [j].[ExperienceYearsMax], [j].[ExperienceYearsMin], [j].[ExpiryDate], [j].[JobType], [j].[Location], [j].[PostedByUserId], [j].[PostedDate], [j].[Requirements], [j].[SalaryMax], [j].[SalaryMin], [j].[Status], [j].[Title], [j].[UpdatedAt]
FROM [Jobs] AS [j]
2026-06-06 07:48:45.341 +05:30 [INF] Executed DbCommand (4ms) [Parameters=[], CommandType='"Text"', CommandTimeout='30']
SELECT [a].[Id], [a].[AIEvaluation], [a].[AIMatchScore], [a].[AppliedAt], [a].[CandidateId], [a].[JobId], [a].[MissingSkills], [a].[RankPosition], [a].[RecruiterNotes], [a].[ResumeId], [a].[ReviewedAt], [a].[ReviewedByUserId], [a].[SkillGapAnalysis], [a].[SkillMatchPercentage], [a].[Status], [a].[UpdatedAt]
FROM [Applications] AS [a]
2026-06-06 07:48:45.396 +05:30 [INF] Executed DbCommand (3ms) [Parameters=[], CommandType='"Text"', CommandTimeout='30']
SELECT [r].[Id], [r].[CandidateId], [r].[FileExtension], [r].[FileName], [r].[FilePath], [r].[FileSizeBytes], [r].[IsActive], [r].[ParsedAt], [r].[ParsedEducation], [r].[ParsedEmail], [r].[ParsedExperience], [r].[ParsedName], [r].[ParsedPhone], [r].[ParsedSkills], [r].[ParsedSummary], [r].[RawText], [r].[Status], [r].[UploadedAt]
FROM [Resumes] AS [r]
2026-06-06 07:48:45.445 +05:30 [INF] Executed DbCommand (3ms) [Parameters=[], CommandType='"Text"', CommandTimeout='30']
SELECT COUNT(*)
FROM [InterviewQuestions] AS [i]
2026-06-06 07:48:45.464 +05:30 [INF] Executed DbCommand (6ms) [Parameters=[@__start_0='?' (DbType = DateTime2), @__end_1='?' (DbType = DateTime2)], CommandType='"Text"', CommandTimeout='30']
SELECT COUNT(*)
FROM [Applications] AS [a]
WHERE [a].[AppliedAt] >= @__start_0 AND [a].[AppliedAt] < @__end_1
2026-06-06 07:48:45.467 +05:30 [INF] Executed DbCommand (1ms) [Parameters=[@__start_0='?' (DbType = DateTime2), @__end_1='?' (DbType = DateTime2)], CommandType='"Text"', CommandTimeout='30']
SELECT COUNT(*)
FROM [Applications] AS [a]
WHERE [a].[AppliedAt] >= @__start_0 AND [a].[AppliedAt] < @__end_1
2026-06-06 07:48:45.470 +05:30 [INF] Executed DbCommand (0ms) [Parameters=[@__start_0='?' (DbType = DateTime2), @__end_1='?' (DbType = DateTime2)], CommandType='"Text"', CommandTimeout='30']
SELECT COUNT(*)
FROM [Applications] AS [a]
WHERE [a].[AppliedAt] >= @__start_0 AND [a].[AppliedAt] < @__end_1
2026-06-06 07:48:45.472 +05:30 [INF] Executed DbCommand (0ms) [Parameters=[@__start_0='?' (DbType = DateTime2), @__end_1='?' (DbType = DateTime2)], CommandType='"Text"', CommandTimeout='30']
SELECT COUNT(*)
FROM [Applications] AS [a]
WHERE [a].[AppliedAt] >= @__start_0 AND [a].[AppliedAt] < @__end_1
2026-06-06 07:48:45.475 +05:30 [INF] Executed DbCommand (0ms) [Parameters=[@__start_0='?' (DbType = DateTime2), @__end_1='?' (DbType = DateTime2)], CommandType='"Text"', CommandTimeout='30']
SELECT COUNT(*)
FROM [Applications] AS [a]
WHERE [a].[AppliedAt] >= @__start_0 AND [a].[AppliedAt] < @__end_1
2026-06-06 07:48:45.477 +05:30 [INF] Executed DbCommand (0ms) [Parameters=[@__start_0='?' (DbType = DateTime2), @__end_1='?' (DbType = DateTime2)], CommandType='"Text"', CommandTimeout='30']
SELECT COUNT(*)
FROM [Applications] AS [a]
WHERE [a].[AppliedAt] >= @__start_0 AND [a].[AppliedAt] < @__end_1
2026-06-06 07:48:45.545 +05:30 [INF] Executed DbCommand (15ms) [Parameters=[@__p_0='?' (DbType = Int32)], CommandType='"Text"', CommandTimeout='30']
SELECT TOP(@__p_0) [s].[Name], COUNT(*) AS [Count]
FROM [CandidateSkills] AS [c]
INNER JOIN [Skills] AS [s] ON [c].[SkillId] = [s].[Id]
GROUP BY [s].[Name]
ORDER BY COUNT(*) DESC
2026-06-06 07:48:45.683 +05:30 [INF] Executed DbCommand (64ms) [Parameters=[@__p_0='?' (DbType = Int32)], CommandType='"Text"', CommandTimeout='30']
SELECT TOP(@__p_0) [j].[Id], [j].[Title], [j].[Company], (
    SELECT COUNT(*)
    FROM [Applications] AS [a0]
    WHERE [j].[Id] = [a0].[JobId]), CASE
    WHEN EXISTS (
        SELECT 1
        FROM [Applications] AS [a1]
        WHERE [j].[Id] = [a1].[JobId] AND [a1].[AIMatchScore] IS NOT NULL) THEN (
        SELECT AVG([a2].[AIMatchScore])
        FROM [Applications] AS [a2]
        WHERE [j].[Id] = [a2].[JobId] AND [a2].[AIMatchScore] IS NOT NULL)
    ELSE 0.0
END, (
    SELECT COUNT(*)
    FROM [Applications] AS [a3]
    WHERE [j].[Id] = [a3].[JobId] AND [a3].[Status] = 2), [j].[Status]
FROM [Jobs] AS [j]
ORDER BY (
    SELECT COUNT(*)
    FROM [Applications] AS [a]
    WHERE [j].[Id] = [a].[JobId]) DESC
2026-06-06 07:48:45.726 +05:30 [WRN] The query uses a row limiting operator ('Skip'/'Take') without an 'OrderBy' operator. This may lead to unpredictable results. If the 'Distinct' operator is used after 'OrderBy', then make sure to use the 'OrderBy' operator after 'Distinct' as the ordering would otherwise get erased.
2026-06-06 07:48:45.734 +05:30 [WRN] The query uses a row limiting operator ('Skip'/'Take') without an 'OrderBy' operator. This may lead to unpredictable results. If the 'Distinct' operator is used after 'OrderBy', then make sure to use the 'OrderBy' operator after 'Distinct' as the ordering would otherwise get erased.
2026-06-06 07:48:45.912 +05:30 [INF] Executed DbCommand (150ms) [Parameters=[@__p_0='?' (DbType = Int32)], CommandType='"Text"', CommandTimeout='30']
SELECT [t].[CandidateId], [t].[c], [t].[c0], [t].[c1], [t].[c2], [t].[c3], [t].[c4], [t].[c5], [t].[c6], [t].[c7], [t0].[Name], [t0].[Id], [t0].[Id0]
FROM (
    SELECT TOP(@__p_0) [a].[CandidateId], COALESCE((
        SELECT TOP(1) [u].[FirstName]
        FROM [Applications] AS [a0]
        INNER JOIN [Candidates] AS [c] ON [a0].[CandidateId] = [c].[Id]
        INNER JOIN [Users] AS [u] ON [c].[UserId] = [u].[Id]
        WHERE [a0].[AIMatchScore] IS NOT NULL AND [a].[CandidateId] = [a0].[CandidateId]), N'') + N' ' + COALESCE((
        SELECT TOP(1) [u0].[LastName]
        FROM [Applications] AS [a1]
        INNER JOIN [Candidates] AS [c0] ON [a1].[CandidateId] = [c0].[Id]
        INNER JOIN [Users] AS [u0] ON [c0].[UserId] = [u0].[Id]
        WHERE [a1].[AIMatchScore] IS NOT NULL AND [a].[CandidateId] = [a1].[CandidateId]), N'') AS [c], (
        SELECT TOP(1) [c1].[Headline]
        FROM [Applications] AS [a2]
        INNER JOIN [Candidates] AS [c1] ON [a2].[CandidateId] = [c1].[Id]
        WHERE [a2].[AIMatchScore] IS NOT NULL AND [a].[CandidateId] = [a2].[CandidateId]) AS [c0], MAX(COALESCE([a].[AIMatchScore], 0.0)) AS [c1], COUNT(*) AS [c2], (
        SELECT TOP(1) [c2].[Location]
        FROM [Applications] AS [a3]
        INNER JOIN [Candidates] AS [c2] ON [a3].[CandidateId] = [c2].[Id]
        WHERE [a3].[AIMatchScore] IS NOT NULL AND [a].[CandidateId] = [a3].[CandidateId]) AS [c3], (
        SELECT TOP(1) [u1].[ProfileImagePath]
        FROM [Applications] AS [a4]
        INNER JOIN [Candidates] AS [c3] ON [a4].[CandidateId] = [c3].[Id]
        INNER JOIN [Users] AS [u1] ON [c3].[UserId] = [u1].[Id]
        WHERE [a4].[AIMatchScore] IS NOT NULL AND [a].[CandidateId] = [a4].[CandidateId]) AS [c4], CASE
        WHEN CAST(LEN(COALESCE((
            SELECT TOP(1) [u2].[FirstName]
            FROM [Applications] AS [a5]
            INNER JOIN [Candidates] AS [c4] ON [a5].[CandidateId] = [c4].[Id]
            INNER JOIN [Users] AS [u2] ON [c4].[UserId] = [u2].[Id]
            WHERE [a5].[AIMatchScore] IS NOT NULL AND [a].[CandidateId] = [a5].[CandidateId]), N'') + N' ' + COALESCE((
            SELECT TOP(1) [u3].[LastName]
            FROM [Applications] AS [a6]
            INNER JOIN [Candidates] AS [c5] ON [a6].[CandidateId] = [c5].[Id]
            INNER JOIN [Users] AS [u3] ON [c5].[UserId] = [u3].[Id]
            WHERE [a6].[AIMatchScore] IS NOT NULL AND [a].[CandidateId] = [a6].[CandidateId]), N'')) AS int) >= 2 THEN CAST(1 AS bit)
        ELSE CAST(0 AS bit)
    END AS [c5], (
        SELECT TOP(1) [u4].[FirstName]
        FROM [Applications] AS [a7]
        INNER JOIN [Candidates] AS [c6] ON [a7].[CandidateId] = [c6].[Id]
        INNER JOIN [Users] AS [u4] ON [c6].[UserId] = [u4].[Id]
        WHERE [a7].[AIMatchScore] IS NOT NULL AND [a].[CandidateId] = [a7].[CandidateId]) AS [c6], (
        SELECT TOP(1) [u5].[LastName]
        FROM [Applications] AS [a8]
        INNER JOIN [Candidates] AS [c7] ON [a8].[CandidateId] = [c7].[Id]
        INNER JOIN [Users] AS [u5] ON [c7].[UserId] = [u5].[Id]
        WHERE [a8].[AIMatchScore] IS NOT NULL AND [a].[CandidateId] = [a8].[CandidateId]) AS [c7], MAX([a].[AIMatchScore]) AS [c8]
    FROM [Applications] AS [a]
    WHERE [a].[AIMatchScore] IS NOT NULL
    GROUP BY [a].[CandidateId]
    ORDER BY MAX([a].[AIMatchScore]) DESC
) AS [t]
OUTER APPLY (
    SELECT [s].[Name], [t1].[Id], [s].[Id] AS [Id0]
    FROM (
        SELECT TOP(3) [c8].[Id], [c8].[SkillId]
        FROM [CandidateSkills] AS [c8]
        WHERE (
            SELECT TOP(1) [c9].[Id]
            FROM [Applications] AS [a9]
            INNER JOIN [Candidates] AS [c9] ON [a9].[CandidateId] = [c9].[Id]
            WHERE [a9].[AIMatchScore] IS NOT NULL AND [t].[CandidateId] = [a9].[CandidateId]) IS NOT NULL AND (
            SELECT TOP(1) [c10].[Id]
            FROM [Applications] AS [a10]
            INNER JOIN [Candidates] AS [c10] ON [a10].[CandidateId] = [c10].[Id]
            WHERE [a10].[AIMatchScore] IS NOT NULL AND [t].[CandidateId] = [a10].[CandidateId]) = [c8].[CandidateId]
    ) AS [t1]
    INNER JOIN [Skills] AS [s] ON [t1].[SkillId] = [s].[Id]
) AS [t0]
ORDER BY [t].[c8] DESC, [t].[CandidateId], [t0].[Id]
2026-06-06 07:48:45.976 +05:30 [INF] Executed DbCommand (22ms) [Parameters=[@__p_0='?' (DbType = Int32)], CommandType='"Text"', CommandTimeout='30']
SELECT [t].[Id], [t].[AIEvaluation], [t].[AIMatchScore], [t].[AppliedAt], [t].[CandidateId], [t].[JobId], [t].[MissingSkills], [t].[RankPosition], [t].[RecruiterNotes], [t].[ResumeId], [t].[ReviewedAt], [t].[ReviewedByUserId], [t].[SkillGapAnalysis], [t].[SkillMatchPercentage], [t].[Status], [t].[UpdatedAt], [c].[Id], [c].[CreatedAt], [c].[CurrentCompany], [c].[CurrentJobTitle], [c].[GitHubUrl], [c].[GraduationYear], [c].[Headline], [c].[HighestEducation], [c].[IsAvailable], [c].[LinkedInUrl], [c].[Location], [c].[PortfolioUrl], [c].[Summary], [c].[TotalExperienceYears], [c].[University], [c].[UpdatedAt], [c].[UserId], [u].[Id], [u].[AccessFailedCount], [u].[ConcurrencyStamp], [u].[CreatedAt], [u].[Email], [u].[EmailConfirmed], [u].[FirstName], [u].[IsActive], [u].[LastName], [u].[LockoutEnabled], [u].[LockoutEnd], [u].[NormalizedEmail], [u].[NormalizedUserName], [u].[PasswordHash], [u].[PhoneNumber], [u].[PhoneNumberConfirmed], [u].[ProfileImagePath], [u].[SecurityStamp], [u].[TwoFactorEnabled], [u].[UpdatedAt], [u].[UserName], [j].[Id], [j].[Company], [j].[Department], [j].[Description], [j].[ExperienceYearsMax], [j].[ExperienceYearsMin], [j].[ExpiryDate], [j].[JobType], [j].[Location], [j].[PostedByUserId], [j].[PostedDate], [j].[Requirements], [j].[SalaryMax], [j].[SalaryMin], [j].[Status], [j].[Title], [j].[UpdatedAt]
FROM (
    SELECT TOP(@__p_0) [a].[Id], [a].[AIEvaluation], [a].[AIMatchScore], [a].[AppliedAt], [a].[CandidateId], [a].[JobId], [a].[MissingSkills], [a].[RankPosition], [a].[RecruiterNotes], [a].[ResumeId], [a].[ReviewedAt], [a].[ReviewedByUserId], [a].[SkillGapAnalysis], [a].[SkillMatchPercentage], [a].[Status], [a].[UpdatedAt]
    FROM [Applications] AS [a]
    ORDER BY [a].[AppliedAt] DESC
) AS [t]
INNER JOIN [Candidates] AS [c] ON [t].[CandidateId] = [c].[Id]
INNER JOIN [Users] AS [u] ON [c].[UserId] = [u].[Id]
INNER JOIN [Jobs] AS [j] ON [t].[JobId] = [j].[Id]
ORDER BY [t].[AppliedAt] DESC
2026-06-06 07:48:46.039 +05:30 [INF] Executed DbCommand (4ms) [Parameters=[@__p_0='?' (DbType = Int32)], CommandType='"Text"', CommandTimeout='30']
SELECT TOP(@__p_0) [j].[Id], [j].[Company], [j].[Department], [j].[Description], [j].[ExperienceYearsMax], [j].[ExperienceYearsMin], [j].[ExpiryDate], [j].[JobType], [j].[Location], [j].[PostedByUserId], [j].[PostedDate], [j].[Requirements], [j].[SalaryMax], [j].[SalaryMin], [j].[Status], [j].[Title], [j].[UpdatedAt]
FROM [Jobs] AS [j]
ORDER BY [j].[PostedDate] DESC
2026-06-06 07:48:46.046 +05:30 [INF] Executing ViewResult, running view Dashboard.
2026-06-06 07:48:46.073 +05:30 [INF] Executed DbCommand (0ms) [Parameters=[@__userId_0='?' (Size = 450)], CommandType='"Text"', CommandTimeout='30']
SELECT [r].[Name]
FROM [UserRoles] AS [u]
INNER JOIN [Roles] AS [r] ON [u].[RoleId] = [r].[Id]
WHERE [u].[UserId] = @__userId_0
2026-06-06 07:48:46.097 +05:30 [INF] Executed ViewResult - view Dashboard executed in 52.3876ms.
2026-06-06 07:48:46.101 +05:30 [INF] Executed action AIResumeScreeningSystem.Controllers.AdminController.Dashboard (AIResumeScreeningSystem) in 1088.0045ms
2026-06-06 07:48:46.110 +05:30 [INF] Executed endpoint 'AIResumeScreeningSystem.Controllers.AdminController.Dashboard (AIResumeScreeningSystem)'
2026-06-06 07:48:46.114 +05:30 [INF] Request finished HTTP/2 GET https://localhost:7170/Admin/Dashboard - 200 null text/html; charset=utf-8 1116.5247ms
2026-06-06 07:48:46.135 +05:30 [INF] Request starting HTTP/2 GET https://localhost:7170/_vs/browserLink - null null
2026-06-06 07:48:46.137 +05:30 [INF] Request starting HTTP/2 GET https://localhost:7170/_framework/aspnetcore-browser-refresh.js - null null
2026-06-06 07:48:46.146 +05:30 [INF] Request finished HTTP/2 GET https://localhost:7170/_framework/aspnetcore-browser-refresh.js - 200 14951 application/javascript; charset=utf-8 9.3357ms
2026-06-06 07:48:46.157 +05:30 [INF] Request finished HTTP/2 GET https://localhost:7170/_vs/browserLink - 200 null text/javascript; charset=UTF-8 21.3196ms
2026-06-06 07:49:10.951 +05:30 [INF] Request starting HTTP/2 GET https://localhost:7170/Admin/Users - null null
2026-06-06 07:49:10.958 +05:30 [INF] Executing endpoint 'AIResumeScreeningSystem.Controllers.AdminController.Users (AIResumeScreeningSystem)'
2026-06-06 07:49:10.963 +05:30 [INF] Route matched with {action = "Users", controller = "Admin"}. Executing controller action with signature System.Threading.Tasks.Task`1[Microsoft.AspNetCore.Mvc.IActionResult] Users(System.String, System.String, Int32) on controller AIResumeScreeningSystem.Controllers.AdminController (AIResumeScreeningSystem).
2026-06-06 07:49:10.988 +05:30 [INF] Executed DbCommand (3ms) [Parameters=[], CommandType='"Text"', CommandTimeout='30']
SELECT [u].[Id], [u].[AccessFailedCount], [u].[ConcurrencyStamp], [u].[CreatedAt], [u].[Email], [u].[EmailConfirmed], [u].[FirstName], [u].[IsActive], [u].[LastName], [u].[LockoutEnabled], [u].[LockoutEnd], [u].[NormalizedEmail], [u].[NormalizedUserName], [u].[PasswordHash], [u].[PhoneNumber], [u].[PhoneNumberConfirmed], [u].[ProfileImagePath], [u].[SecurityStamp], [u].[TwoFactorEnabled], [u].[UpdatedAt], [u].[UserName]
FROM [Users] AS [u]
ORDER BY [u].[CreatedAt] DESC
2026-06-06 07:49:10.994 +05:30 [INF] Executed DbCommand (3ms) [Parameters=[@__userId_0='?' (Size = 450)], CommandType='"Text"', CommandTimeout='30']
SELECT [r].[Name]
FROM [UserRoles] AS [u]
INNER JOIN [Roles] AS [r] ON [u].[RoleId] = [r].[Id]
WHERE [u].[UserId] = @__userId_0
2026-06-06 07:49:10.997 +05:30 [INF] Executed DbCommand (0ms) [Parameters=[@__userId_0='?' (Size = 450)], CommandType='"Text"', CommandTimeout='30']
SELECT [r].[Name]
FROM [UserRoles] AS [u]
INNER JOIN [Roles] AS [r] ON [u].[RoleId] = [r].[Id]
WHERE [u].[UserId] = @__userId_0
2026-06-06 07:49:11.000 +05:30 [INF] Executed DbCommand (1ms) [Parameters=[@__userId_0='?' (Size = 450)], CommandType='"Text"', CommandTimeout='30']
SELECT [r].[Name]
FROM [UserRoles] AS [u]
INNER JOIN [Roles] AS [r] ON [u].[RoleId] = [r].[Id]
WHERE [u].[UserId] = @__userId_0
2026-06-06 07:49:11.052 +05:30 [INF] Executing ViewResult, running view Users.
2026-06-06 07:49:11.092 +05:30 [INF] Executed DbCommand (1ms) [Parameters=[@__userId_0='?' (Size = 450)], CommandType='"Text"', CommandTimeout='30']
SELECT [r].[Name]
FROM [UserRoles] AS [u]
INNER JOIN [Roles] AS [r] ON [u].[RoleId] = [r].[Id]
WHERE [u].[UserId] = @__userId_0
2026-06-06 07:49:11.095 +05:30 [INF] Executed ViewResult - view Users executed in 43.3475ms.
2026-06-06 07:49:11.097 +05:30 [INF] Executed action AIResumeScreeningSystem.Controllers.AdminController.Users (AIResumeScreeningSystem) in 132.3471ms
2026-06-06 07:49:11.098 +05:30 [INF] Executed endpoint 'AIResumeScreeningSystem.Controllers.AdminController.Users (AIResumeScreeningSystem)'
2026-06-06 07:49:11.100 +05:30 [INF] Request finished HTTP/2 GET https://localhost:7170/Admin/Users - 200 null text/html; charset=utf-8 148.7954ms
2026-06-06 07:49:11.116 +05:30 [INF] Request starting HTTP/2 GET https://localhost:7170/_framework/aspnetcore-browser-refresh.js - null null
2026-06-06 07:49:11.116 +05:30 [INF] Request starting HTTP/2 GET https://localhost:7170/_vs/browserLink - null null
2026-06-06 07:49:11.120 +05:30 [INF] Request finished HTTP/2 GET https://localhost:7170/_framework/aspnetcore-browser-refresh.js - 200 14951 application/javascript; charset=utf-8 3.5141ms
2026-06-06 07:49:11.125 +05:30 [INF] Request finished HTTP/2 GET https://localhost:7170/_vs/browserLink - 200 null text/javascript; charset=UTF-8 9.0842ms
2026-06-06 07:49:27.127 +05:30 [INF] Request starting HTTP/2 POST https://localhost:7170/Admin/ToggleUserActive?userId=6f25d140-1fcf-44f6-9464-cc19de1379d7 - application/x-www-form-urlencoded 225
2026-06-06 07:49:27.135 +05:30 [INF] Executing endpoint 'AIResumeScreeningSystem.Controllers.AdminController.ToggleUserActive (AIResumeScreeningSystem)'
2026-06-06 07:49:27.139 +05:30 [INF] Route matched with {action = "ToggleUserActive", controller = "Admin"}. Executing controller action with signature System.Threading.Tasks.Task`1[Microsoft.AspNetCore.Mvc.IActionResult] ToggleUserActive(System.String) on controller AIResumeScreeningSystem.Controllers.AdminController (AIResumeScreeningSystem).
2026-06-06 07:49:27.164 +05:30 [INF] Executed DbCommand (3ms) [Parameters=[@__p_0='?' (Size = 450)], CommandType='"Text"', CommandTimeout='30']
SELECT TOP(1) [u].[Id], [u].[AccessFailedCount], [u].[ConcurrencyStamp], [u].[CreatedAt], [u].[Email], [u].[EmailConfirmed], [u].[FirstName], [u].[IsActive], [u].[LastName], [u].[LockoutEnabled], [u].[LockoutEnd], [u].[NormalizedEmail], [u].[NormalizedUserName], [u].[PasswordHash], [u].[PhoneNumber], [u].[PhoneNumberConfirmed], [u].[ProfileImagePath], [u].[SecurityStamp], [u].[TwoFactorEnabled], [u].[UpdatedAt], [u].[UserName]
FROM [Users] AS [u]
WHERE [u].[Id] = @__p_0
2026-06-06 07:49:27.170 +05:30 [INF] Executed DbCommand (3ms) [Parameters=[@__normalizedUserName_0='?' (Size = 256)], CommandType='"Text"', CommandTimeout='30']
SELECT TOP(1) [u].[Id], [u].[AccessFailedCount], [u].[ConcurrencyStamp], [u].[CreatedAt], [u].[Email], [u].[EmailConfirmed], [u].[FirstName], [u].[IsActive], [u].[LastName], [u].[LockoutEnabled], [u].[LockoutEnd], [u].[NormalizedEmail], [u].[NormalizedUserName], [u].[PasswordHash], [u].[PhoneNumber], [u].[PhoneNumberConfirmed], [u].[ProfileImagePath], [u].[SecurityStamp], [u].[TwoFactorEnabled], [u].[UpdatedAt], [u].[UserName]
FROM [Users] AS [u]
WHERE [u].[NormalizedUserName] = @__normalizedUserName_0
2026-06-06 07:49:27.174 +05:30 [INF] Executed DbCommand (2ms) [Parameters=[@__normalizedEmail_0='?' (Size = 256)], CommandType='"Text"', CommandTimeout='30']
SELECT TOP(2) [u].[Id], [u].[AccessFailedCount], [u].[ConcurrencyStamp], [u].[CreatedAt], [u].[Email], [u].[EmailConfirmed], [u].[FirstName], [u].[IsActive], [u].[LastName], [u].[LockoutEnabled], [u].[LockoutEnd], [u].[NormalizedEmail], [u].[NormalizedUserName], [u].[PasswordHash], [u].[PhoneNumber], [u].[PhoneNumberConfirmed], [u].[ProfileImagePath], [u].[SecurityStamp], [u].[TwoFactorEnabled], [u].[UpdatedAt], [u].[UserName]
FROM [Users] AS [u]
WHERE [u].[NormalizedEmail] = @__normalizedEmail_0
2026-06-06 07:49:27.183 +05:30 [INF] Executed DbCommand (6ms) [Parameters=[@p20='?' (Size = 450), @p0='?' (DbType = Int32), @p1='?' (Size = 4000), @p21='?' (Size = 4000), @p2='?' (DbType = DateTime2), @p3='?' (Size = 256), @p4='?' (DbType = Boolean), @p5='?' (Size = 100), @p6='?' (DbType = Boolean), @p7='?' (Size = 100), @p8='?' (DbType = Boolean), @p9='?' (DbType = DateTimeOffset), @p10='?' (Size = 256), @p11='?' (Size = 256), @p12='?' (Size = 4000), @p13='?' (Size = 20), @p14='?' (DbType = Boolean), @p15='?' (Size = 500), @p16='?' (Size = 4000), @p17='?' (DbType = Boolean), @p18='?' (DbType = DateTime2), @p19='?' (Size = 256)], CommandType='"Text"', CommandTimeout='30']
SET IMPLICIT_TRANSACTIONS OFF;
SET NOCOUNT ON;
UPDATE [Users] SET [AccessFailedCount] = @p0, [ConcurrencyStamp] = @p1, [CreatedAt] = @p2, [Email] = @p3, [EmailConfirmed] = @p4, [FirstName] = @p5, [IsActive] = @p6, [LastName] = @p7, [LockoutEnabled] = @p8, [LockoutEnd] = @p9, [NormalizedEmail] = @p10, [NormalizedUserName] = @p11, [PasswordHash] = @p12, [PhoneNumber] = @p13, [PhoneNumberConfirmed] = @p14, [ProfileImagePath] = @p15, [SecurityStamp] = @p16, [TwoFactorEnabled] = @p17, [UpdatedAt] = @p18, [UserName] = @p19
OUTPUT 1
WHERE [Id] = @p20 AND [ConcurrencyStamp] = @p21;
2026-06-06 07:49:27.186 +05:30 [INF] Executing RedirectResult, redirecting to /Admin/Users.
2026-06-06 07:49:27.370 +05:30 [INF] Executed action AIResumeScreeningSystem.Controllers.AdminController.ToggleUserActive (AIResumeScreeningSystem) in 228.9386ms
2026-06-06 07:49:27.371 +05:30 [INF] Executed endpoint 'AIResumeScreeningSystem.Controllers.AdminController.ToggleUserActive (AIResumeScreeningSystem)'
2026-06-06 07:49:27.372 +05:30 [INF] Request finished HTTP/2 POST https://localhost:7170/Admin/ToggleUserActive?userId=6f25d140-1fcf-44f6-9464-cc19de1379d7 - 302 null null 244.7816ms
2026-06-06 07:49:27.374 +05:30 [INF] Request starting HTTP/2 GET https://localhost:7170/Admin/Users - null null
2026-06-06 07:49:27.378 +05:30 [INF] Executing endpoint 'AIResumeScreeningSystem.Controllers.AdminController.Users (AIResumeScreeningSystem)'
2026-06-06 07:49:27.379 +05:30 [INF] Route matched with {action = "Users", controller = "Admin"}. Executing controller action with signature System.Threading.Tasks.Task`1[Microsoft.AspNetCore.Mvc.IActionResult] Users(System.String, System.String, Int32) on controller AIResumeScreeningSystem.Controllers.AdminController (AIResumeScreeningSystem).
2026-06-06 07:49:27.383 +05:30 [INF] Executed DbCommand (2ms) [Parameters=[], CommandType='"Text"', CommandTimeout='30']
SELECT [u].[Id], [u].[AccessFailedCount], [u].[ConcurrencyStamp], [u].[CreatedAt], [u].[Email], [u].[EmailConfirmed], [u].[FirstName], [u].[IsActive], [u].[LastName], [u].[LockoutEnabled], [u].[LockoutEnd], [u].[NormalizedEmail], [u].[NormalizedUserName], [u].[PasswordHash], [u].[PhoneNumber], [u].[PhoneNumberConfirmed], [u].[ProfileImagePath], [u].[SecurityStamp], [u].[TwoFactorEnabled], [u].[UpdatedAt], [u].[UserName]
FROM [Users] AS [u]
ORDER BY [u].[CreatedAt] DESC
2026-06-06 07:49:27.389 +05:30 [INF] Executed DbCommand (3ms) [Parameters=[@__userId_0='?' (Size = 450)], CommandType='"Text"', CommandTimeout='30']
SELECT [r].[Name]
FROM [UserRoles] AS [u]
INNER JOIN [Roles] AS [r] ON [u].[RoleId] = [r].[Id]
WHERE [u].[UserId] = @__userId_0
2026-06-06 07:49:27.391 +05:30 [INF] Executed DbCommand (0ms) [Parameters=[@__userId_0='?' (Size = 450)], CommandType='"Text"', CommandTimeout='30']
SELECT [r].[Name]
FROM [UserRoles] AS [u]
INNER JOIN [Roles] AS [r] ON [u].[RoleId] = [r].[Id]
WHERE [u].[UserId] = @__userId_0
2026-06-06 07:49:27.394 +05:30 [INF] Executed DbCommand (0ms) [Parameters=[@__userId_0='?' (Size = 450)], CommandType='"Text"', CommandTimeout='30']
SELECT [r].[Name]
FROM [UserRoles] AS [u]
INNER JOIN [Roles] AS [r] ON [u].[RoleId] = [r].[Id]
WHERE [u].[UserId] = @__userId_0
2026-06-06 07:49:27.395 +05:30 [INF] Executing ViewResult, running view Users.
2026-06-06 07:49:27.398 +05:30 [INF] Executed DbCommand (0ms) [Parameters=[@__userId_0='?' (Size = 450)], CommandType='"Text"', CommandTimeout='30']
SELECT [r].[Name]
FROM [UserRoles] AS [u]
INNER JOIN [Roles] AS [r] ON [u].[RoleId] = [r].[Id]
WHERE [u].[UserId] = @__userId_0
2026-06-06 07:49:27.413 +05:30 [INF] Executed ViewResult - view Users executed in 17.581ms.
2026-06-06 07:49:27.414 +05:30 [INF] Executed action AIResumeScreeningSystem.Controllers.AdminController.Users (AIResumeScreeningSystem) in 34.0452ms
2026-06-06 07:49:27.416 +05:30 [INF] Executed endpoint 'AIResumeScreeningSystem.Controllers.AdminController.Users (AIResumeScreeningSystem)'
2026-06-06 07:49:27.417 +05:30 [INF] Request finished HTTP/2 GET https://localhost:7170/Admin/Users - 200 null text/html; charset=utf-8 42.8271ms
2026-06-06 07:49:27.436 +05:30 [INF] Request starting HTTP/2 GET https://localhost:7170/_vs/browserLink - null null
2026-06-06 07:49:27.436 +05:30 [INF] Request starting HTTP/2 GET https://localhost:7170/_framework/aspnetcore-browser-refresh.js - null null
2026-06-06 07:49:27.441 +05:30 [INF] Request finished HTTP/2 GET https://localhost:7170/_framework/aspnetcore-browser-refresh.js - 200 14951 application/javascript; charset=utf-8 4.8699ms
2026-06-06 07:49:27.441 +05:30 [INF] Request finished HTTP/2 GET https://localhost:7170/_vs/browserLink - 200 null text/javascript; charset=UTF-8 5.3705ms
2026-06-06 07:49:33.013 +05:30 [INF] Request starting HTTP/2 POST https://localhost:7170/Admin/ToggleUserActive?userId=82bceee3-7e5a-457d-ada1-aede24cc2b44 - application/x-www-form-urlencoded 225
2026-06-06 07:49:33.018 +05:30 [INF] Executing endpoint 'AIResumeScreeningSystem.Controllers.AdminController.ToggleUserActive (AIResumeScreeningSystem)'
2026-06-06 07:49:33.020 +05:30 [INF] Route matched with {action = "ToggleUserActive", controller = "Admin"}. Executing controller action with signature System.Threading.Tasks.Task`1[Microsoft.AspNetCore.Mvc.IActionResult] ToggleUserActive(System.String) on controller AIResumeScreeningSystem.Controllers.AdminController (AIResumeScreeningSystem).
2026-06-06 07:49:33.023 +05:30 [INF] Executed DbCommand (0ms) [Parameters=[@__p_0='?' (Size = 450)], CommandType='"Text"', CommandTimeout='30']
SELECT TOP(1) [u].[Id], [u].[AccessFailedCount], [u].[ConcurrencyStamp], [u].[CreatedAt], [u].[Email], [u].[EmailConfirmed], [u].[FirstName], [u].[IsActive], [u].[LastName], [u].[LockoutEnabled], [u].[LockoutEnd], [u].[NormalizedEmail], [u].[NormalizedUserName], [u].[PasswordHash], [u].[PhoneNumber], [u].[PhoneNumberConfirmed], [u].[ProfileImagePath], [u].[SecurityStamp], [u].[TwoFactorEnabled], [u].[UpdatedAt], [u].[UserName]
FROM [Users] AS [u]
WHERE [u].[Id] = @__p_0
2026-06-06 07:49:33.026 +05:30 [INF] Executed DbCommand (0ms) [Parameters=[@__normalizedUserName_0='?' (Size = 256)], CommandType='"Text"', CommandTimeout='30']
SELECT TOP(1) [u].[Id], [u].[AccessFailedCount], [u].[ConcurrencyStamp], [u].[CreatedAt], [u].[Email], [u].[EmailConfirmed], [u].[FirstName], [u].[IsActive], [u].[LastName], [u].[LockoutEnabled], [u].[LockoutEnd], [u].[NormalizedEmail], [u].[NormalizedUserName], [u].[PasswordHash], [u].[PhoneNumber], [u].[PhoneNumberConfirmed], [u].[ProfileImagePath], [u].[SecurityStamp], [u].[TwoFactorEnabled], [u].[UpdatedAt], [u].[UserName]
FROM [Users] AS [u]
WHERE [u].[NormalizedUserName] = @__normalizedUserName_0
2026-06-06 07:49:33.028 +05:30 [INF] Executed DbCommand (0ms) [Parameters=[@__normalizedEmail_0='?' (Size = 256)], CommandType='"Text"', CommandTimeout='30']
SELECT TOP(2) [u].[Id], [u].[AccessFailedCount], [u].[ConcurrencyStamp], [u].[CreatedAt], [u].[Email], [u].[EmailConfirmed], [u].[FirstName], [u].[IsActive], [u].[LastName], [u].[LockoutEnabled], [u].[LockoutEnd], [u].[NormalizedEmail], [u].[NormalizedUserName], [u].[PasswordHash], [u].[PhoneNumber], [u].[PhoneNumberConfirmed], [u].[ProfileImagePath], [u].[SecurityStamp], [u].[TwoFactorEnabled], [u].[UpdatedAt], [u].[UserName]
FROM [Users] AS [u]
WHERE [u].[NormalizedEmail] = @__normalizedEmail_0
2026-06-06 07:49:33.031 +05:30 [INF] Executed DbCommand (1ms) [Parameters=[@p20='?' (Size = 450), @p0='?' (DbType = Int32), @p1='?' (Size = 4000), @p21='?' (Size = 4000), @p2='?' (DbType = DateTime2), @p3='?' (Size = 256), @p4='?' (DbType = Boolean), @p5='?' (Size = 100), @p6='?' (DbType = Boolean), @p7='?' (Size = 100), @p8='?' (DbType = Boolean), @p9='?' (DbType = DateTimeOffset), @p10='?' (Size = 256), @p11='?' (Size = 256), @p12='?' (Size = 4000), @p13='?' (Size = 20), @p14='?' (DbType = Boolean), @p15='?' (Size = 500), @p16='?' (Size = 4000), @p17='?' (DbType = Boolean), @p18='?' (DbType = DateTime2), @p19='?' (Size = 256)], CommandType='"Text"', CommandTimeout='30']
SET IMPLICIT_TRANSACTIONS OFF;
SET NOCOUNT ON;
UPDATE [Users] SET [AccessFailedCount] = @p0, [ConcurrencyStamp] = @p1, [CreatedAt] = @p2, [Email] = @p3, [EmailConfirmed] = @p4, [FirstName] = @p5, [IsActive] = @p6, [LastName] = @p7, [LockoutEnabled] = @p8, [LockoutEnd] = @p9, [NormalizedEmail] = @p10, [NormalizedUserName] = @p11, [PasswordHash] = @p12, [PhoneNumber] = @p13, [PhoneNumberConfirmed] = @p14, [ProfileImagePath] = @p15, [SecurityStamp] = @p16, [TwoFactorEnabled] = @p17, [UpdatedAt] = @p18, [UserName] = @p19
OUTPUT 1
WHERE [Id] = @p20 AND [ConcurrencyStamp] = @p21;
2026-06-06 07:49:33.034 +05:30 [INF] Executing RedirectResult, redirecting to /Admin/Users.
2026-06-06 07:49:33.035 +05:30 [INF] Executed action AIResumeScreeningSystem.Controllers.AdminController.ToggleUserActive (AIResumeScreeningSystem) in 14.3684ms
2026-06-06 07:49:33.037 +05:30 [INF] Executed endpoint 'AIResumeScreeningSystem.Controllers.AdminController.ToggleUserActive (AIResumeScreeningSystem)'
2026-06-06 07:49:33.038 +05:30 [INF] Request finished HTTP/2 POST https://localhost:7170/Admin/ToggleUserActive?userId=82bceee3-7e5a-457d-ada1-aede24cc2b44 - 302 null null 24.2088ms
2026-06-06 07:49:33.041 +05:30 [INF] Request starting HTTP/2 GET https://localhost:7170/Admin/Users - null null
2026-06-06 07:49:33.044 +05:30 [INF] Executing endpoint 'AIResumeScreeningSystem.Controllers.AdminController.Users (AIResumeScreeningSystem)'
2026-06-06 07:49:33.045 +05:30 [INF] Route matched with {action = "Users", controller = "Admin"}. Executing controller action with signature System.Threading.Tasks.Task`1[Microsoft.AspNetCore.Mvc.IActionResult] Users(System.String, System.String, Int32) on controller AIResumeScreeningSystem.Controllers.AdminController (AIResumeScreeningSystem).
2026-06-06 07:49:33.048 +05:30 [INF] Executed DbCommand (1ms) [Parameters=[], CommandType='"Text"', CommandTimeout='30']
SELECT [u].[Id], [u].[AccessFailedCount], [u].[ConcurrencyStamp], [u].[CreatedAt], [u].[Email], [u].[EmailConfirmed], [u].[FirstName], [u].[IsActive], [u].[LastName], [u].[LockoutEnabled], [u].[LockoutEnd], [u].[NormalizedEmail], [u].[NormalizedUserName], [u].[PasswordHash], [u].[PhoneNumber], [u].[PhoneNumberConfirmed], [u].[ProfileImagePath], [u].[SecurityStamp], [u].[TwoFactorEnabled], [u].[UpdatedAt], [u].[UserName]
FROM [Users] AS [u]
ORDER BY [u].[CreatedAt] DESC
2026-06-06 07:49:33.051 +05:30 [INF] Executed DbCommand (0ms) [Parameters=[@__userId_0='?' (Size = 450)], CommandType='"Text"', CommandTimeout='30']
SELECT [r].[Name]
FROM [UserRoles] AS [u]
INNER JOIN [Roles] AS [r] ON [u].[RoleId] = [r].[Id]
WHERE [u].[UserId] = @__userId_0
2026-06-06 07:49:33.054 +05:30 [INF] Executed DbCommand (0ms) [Parameters=[@__userId_0='?' (Size = 450)], CommandType='"Text"', CommandTimeout='30']
SELECT [r].[Name]
FROM [UserRoles] AS [u]
INNER JOIN [Roles] AS [r] ON [u].[RoleId] = [r].[Id]
WHERE [u].[UserId] = @__userId_0
2026-06-06 07:49:33.056 +05:30 [INF] Executed DbCommand (0ms) [Parameters=[@__userId_0='?' (Size = 450)], CommandType='"Text"', CommandTimeout='30']
SELECT [r].[Name]
FROM [UserRoles] AS [u]
INNER JOIN [Roles] AS [r] ON [u].[RoleId] = [r].[Id]
WHERE [u].[UserId] = @__userId_0
2026-06-06 07:49:33.058 +05:30 [INF] Executing ViewResult, running view Users.
2026-06-06 07:49:33.060 +05:30 [INF] Executed DbCommand (0ms) [Parameters=[@__userId_0='?' (Size = 450)], CommandType='"Text"', CommandTimeout='30']
SELECT [r].[Name]
FROM [UserRoles] AS [u]
INNER JOIN [Roles] AS [r] ON [u].[RoleId] = [r].[Id]
WHERE [u].[UserId] = @__userId_0
2026-06-06 07:49:33.063 +05:30 [INF] Executed ViewResult - view Users executed in 4.7193ms.
2026-06-06 07:49:33.064 +05:30 [INF] Executed action AIResumeScreeningSystem.Controllers.AdminController.Users (AIResumeScreeningSystem) in 17.3733ms
2026-06-06 07:49:33.065 +05:30 [INF] Executed endpoint 'AIResumeScreeningSystem.Controllers.AdminController.Users (AIResumeScreeningSystem)'
2026-06-06 07:49:33.066 +05:30 [INF] Request finished HTTP/2 GET https://localhost:7170/Admin/Users - 200 null text/html; charset=utf-8 25.6371ms
2026-06-06 07:49:33.082 +05:30 [INF] Request starting HTTP/2 GET https://localhost:7170/_vs/browserLink - null null
2026-06-06 07:49:33.082 +05:30 [INF] Request starting HTTP/2 GET https://localhost:7170/_framework/aspnetcore-browser-refresh.js - null null
2026-06-06 07:49:33.088 +05:30 [INF] Request finished HTTP/2 GET https://localhost:7170/_framework/aspnetcore-browser-refresh.js - 200 14951 application/javascript; charset=utf-8 5.9379ms
2026-06-06 07:49:33.088 +05:30 [INF] Request finished HTTP/2 GET https://localhost:7170/_vs/browserLink - 200 null text/javascript; charset=UTF-8 6.6624ms
2026-06-06 07:49:36.647 +05:30 [INF] Request starting HTTP/2 POST https://localhost:7170/Admin/ToggleUserActive?userId=82bceee3-7e5a-457d-ada1-aede24cc2b44 - application/x-www-form-urlencoded 225
2026-06-06 07:49:36.652 +05:30 [INF] Executing endpoint 'AIResumeScreeningSystem.Controllers.AdminController.ToggleUserActive (AIResumeScreeningSystem)'
2026-06-06 07:49:36.653 +05:30 [INF] Route matched with {action = "ToggleUserActive", controller = "Admin"}. Executing controller action with signature System.Threading.Tasks.Task`1[Microsoft.AspNetCore.Mvc.IActionResult] ToggleUserActive(System.String) on controller AIResumeScreeningSystem.Controllers.AdminController (AIResumeScreeningSystem).
2026-06-06 07:49:36.656 +05:30 [INF] Executed DbCommand (0ms) [Parameters=[@__p_0='?' (Size = 450)], CommandType='"Text"', CommandTimeout='30']
SELECT TOP(1) [u].[Id], [u].[AccessFailedCount], [u].[ConcurrencyStamp], [u].[CreatedAt], [u].[Email], [u].[EmailConfirmed], [u].[FirstName], [u].[IsActive], [u].[LastName], [u].[LockoutEnabled], [u].[LockoutEnd], [u].[NormalizedEmail], [u].[NormalizedUserName], [u].[PasswordHash], [u].[PhoneNumber], [u].[PhoneNumberConfirmed], [u].[ProfileImagePath], [u].[SecurityStamp], [u].[TwoFactorEnabled], [u].[UpdatedAt], [u].[UserName]
FROM [Users] AS [u]
WHERE [u].[Id] = @__p_0
2026-06-06 07:49:36.658 +05:30 [INF] Executed DbCommand (0ms) [Parameters=[@__normalizedUserName_0='?' (Size = 256)], CommandType='"Text"', CommandTimeout='30']
SELECT TOP(1) [u].[Id], [u].[AccessFailedCount], [u].[ConcurrencyStamp], [u].[CreatedAt], [u].[Email], [u].[EmailConfirmed], [u].[FirstName], [u].[IsActive], [u].[LastName], [u].[LockoutEnabled], [u].[LockoutEnd], [u].[NormalizedEmail], [u].[NormalizedUserName], [u].[PasswordHash], [u].[PhoneNumber], [u].[PhoneNumberConfirmed], [u].[ProfileImagePath], [u].[SecurityStamp], [u].[TwoFactorEnabled], [u].[UpdatedAt], [u].[UserName]
FROM [Users] AS [u]
WHERE [u].[NormalizedUserName] = @__normalizedUserName_0
2026-06-06 07:49:36.661 +05:30 [INF] Executed DbCommand (0ms) [Parameters=[@__normalizedEmail_0='?' (Size = 256)], CommandType='"Text"', CommandTimeout='30']
SELECT TOP(2) [u].[Id], [u].[AccessFailedCount], [u].[ConcurrencyStamp], [u].[CreatedAt], [u].[Email], [u].[EmailConfirmed], [u].[FirstName], [u].[IsActive], [u].[LastName], [u].[LockoutEnabled], [u].[LockoutEnd], [u].[NormalizedEmail], [u].[NormalizedUserName], [u].[PasswordHash], [u].[PhoneNumber], [u].[PhoneNumberConfirmed], [u].[ProfileImagePath], [u].[SecurityStamp], [u].[TwoFactorEnabled], [u].[UpdatedAt], [u].[UserName]
FROM [Users] AS [u]
WHERE [u].[NormalizedEmail] = @__normalizedEmail_0
2026-06-06 07:49:36.664 +05:30 [INF] Executed DbCommand (1ms) [Parameters=[@p20='?' (Size = 450), @p0='?' (DbType = Int32), @p1='?' (Size = 4000), @p21='?' (Size = 4000), @p2='?' (DbType = DateTime2), @p3='?' (Size = 256), @p4='?' (DbType = Boolean), @p5='?' (Size = 100), @p6='?' (DbType = Boolean), @p7='?' (Size = 100), @p8='?' (DbType = Boolean), @p9='?' (DbType = DateTimeOffset), @p10='?' (Size = 256), @p11='?' (Size = 256), @p12='?' (Size = 4000), @p13='?' (Size = 20), @p14='?' (DbType = Boolean), @p15='?' (Size = 500), @p16='?' (Size = 4000), @p17='?' (DbType = Boolean), @p18='?' (DbType = DateTime2), @p19='?' (Size = 256)], CommandType='"Text"', CommandTimeout='30']
SET IMPLICIT_TRANSACTIONS OFF;
SET NOCOUNT ON;
UPDATE [Users] SET [AccessFailedCount] = @p0, [ConcurrencyStamp] = @p1, [CreatedAt] = @p2, [Email] = @p3, [EmailConfirmed] = @p4, [FirstName] = @p5, [IsActive] = @p6, [LastName] = @p7, [LockoutEnabled] = @p8, [LockoutEnd] = @p9, [NormalizedEmail] = @p10, [NormalizedUserName] = @p11, [PasswordHash] = @p12, [PhoneNumber] = @p13, [PhoneNumberConfirmed] = @p14, [ProfileImagePath] = @p15, [SecurityStamp] = @p16, [TwoFactorEnabled] = @p17, [UpdatedAt] = @p18, [UserName] = @p19
OUTPUT 1
WHERE [Id] = @p20 AND [ConcurrencyStamp] = @p21;
2026-06-06 07:49:36.667 +05:30 [INF] Executing RedirectResult, redirecting to /Admin/Users.
2026-06-06 07:49:36.668 +05:30 [INF] Executed action AIResumeScreeningSystem.Controllers.AdminController.ToggleUserActive (AIResumeScreeningSystem) in 13.5987ms
2026-06-06 07:49:36.669 +05:30 [INF] Executed endpoint 'AIResumeScreeningSystem.Controllers.AdminController.ToggleUserActive (AIResumeScreeningSystem)'
2026-06-06 07:49:36.670 +05:30 [INF] Request finished HTTP/2 POST https://localhost:7170/Admin/ToggleUserActive?userId=82bceee3-7e5a-457d-ada1-aede24cc2b44 - 302 null null 23.4782ms
2026-06-06 07:49:36.673 +05:30 [INF] Request starting HTTP/2 GET https://localhost:7170/Admin/Users - null null
2026-06-06 07:49:36.676 +05:30 [INF] Executing endpoint 'AIResumeScreeningSystem.Controllers.AdminController.Users (AIResumeScreeningSystem)'
2026-06-06 07:49:36.677 +05:30 [INF] Route matched with {action = "Users", controller = "Admin"}. Executing controller action with signature System.Threading.Tasks.Task`1[Microsoft.AspNetCore.Mvc.IActionResult] Users(System.String, System.String, Int32) on controller AIResumeScreeningSystem.Controllers.AdminController (AIResumeScreeningSystem).
2026-06-06 07:49:36.680 +05:30 [INF] Executed DbCommand (1ms) [Parameters=[], CommandType='"Text"', CommandTimeout='30']
SELECT [u].[Id], [u].[AccessFailedCount], [u].[ConcurrencyStamp], [u].[CreatedAt], [u].[Email], [u].[EmailConfirmed], [u].[FirstName], [u].[IsActive], [u].[LastName], [u].[LockoutEnabled], [u].[LockoutEnd], [u].[NormalizedEmail], [u].[NormalizedUserName], [u].[PasswordHash], [u].[PhoneNumber], [u].[PhoneNumberConfirmed], [u].[ProfileImagePath], [u].[SecurityStamp], [u].[TwoFactorEnabled], [u].[UpdatedAt], [u].[UserName]
FROM [Users] AS [u]
ORDER BY [u].[CreatedAt] DESC
2026-06-06 07:49:36.684 +05:30 [INF] Executed DbCommand (1ms) [Parameters=[@__userId_0='?' (Size = 450)], CommandType='"Text"', CommandTimeout='30']
SELECT [r].[Name]
FROM [UserRoles] AS [u]
INNER JOIN [Roles] AS [r] ON [u].[RoleId] = [r].[Id]
WHERE [u].[UserId] = @__userId_0
2026-06-06 07:49:36.687 +05:30 [INF] Executed DbCommand (0ms) [Parameters=[@__userId_0='?' (Size = 450)], CommandType='"Text"', CommandTimeout='30']
SELECT [r].[Name]
FROM [UserRoles] AS [u]
INNER JOIN [Roles] AS [r] ON [u].[RoleId] = [r].[Id]
WHERE [u].[UserId] = @__userId_0
2026-06-06 07:49:36.689 +05:30 [INF] Executed DbCommand (0ms) [Parameters=[@__userId_0='?' (Size = 450)], CommandType='"Text"', CommandTimeout='30']
SELECT [r].[Name]
FROM [UserRoles] AS [u]
INNER JOIN [Roles] AS [r] ON [u].[RoleId] = [r].[Id]
WHERE [u].[UserId] = @__userId_0
2026-06-06 07:49:36.691 +05:30 [INF] Executing ViewResult, running view Users.
2026-06-06 07:49:36.693 +05:30 [INF] Executed DbCommand (0ms) [Parameters=[@__userId_0='?' (Size = 450)], CommandType='"Text"', CommandTimeout='30']
SELECT [r].[Name]
FROM [UserRoles] AS [u]
INNER JOIN [Roles] AS [r] ON [u].[RoleId] = [r].[Id]
WHERE [u].[UserId] = @__userId_0
2026-06-06 07:49:36.696 +05:30 [INF] Executed ViewResult - view Users executed in 4.9052ms.
2026-06-06 07:49:36.697 +05:30 [INF] Executed action AIResumeScreeningSystem.Controllers.AdminController.Users (AIResumeScreeningSystem) in 18.2535ms
2026-06-06 07:49:36.698 +05:30 [INF] Executed endpoint 'AIResumeScreeningSystem.Controllers.AdminController.Users (AIResumeScreeningSystem)'
2026-06-06 07:49:36.700 +05:30 [INF] Request finished HTTP/2 GET https://localhost:7170/Admin/Users - 200 null text/html; charset=utf-8 27.1689ms
2026-06-06 07:49:36.715 +05:30 [INF] Request starting HTTP/2 GET https://localhost:7170/_framework/aspnetcore-browser-refresh.js - null null
2026-06-06 07:49:36.715 +05:30 [INF] Request starting HTTP/2 GET https://localhost:7170/_vs/browserLink - null null
2026-06-06 07:49:36.718 +05:30 [INF] Request finished HTTP/2 GET https://localhost:7170/_framework/aspnetcore-browser-refresh.js - 200 14951 application/javascript; charset=utf-8 3.2208ms
2026-06-06 07:49:36.724 +05:30 [INF] Request finished HTTP/2 GET https://localhost:7170/_vs/browserLink - 200 null text/javascript; charset=UTF-8 9.147ms
2026-06-06 07:49:37.908 +05:30 [INF] Request starting HTTP/2 POST https://localhost:7170/Admin/ToggleUserActive?userId=6f25d140-1fcf-44f6-9464-cc19de1379d7 - application/x-www-form-urlencoded 225
2026-06-06 07:49:37.912 +05:30 [INF] Executing endpoint 'AIResumeScreeningSystem.Controllers.AdminController.ToggleUserActive (AIResumeScreeningSystem)'
2026-06-06 07:49:37.913 +05:30 [INF] Route matched with {action = "ToggleUserActive", controller = "Admin"}. Executing controller action with signature System.Threading.Tasks.Task`1[Microsoft.AspNetCore.Mvc.IActionResult] ToggleUserActive(System.String) on controller AIResumeScreeningSystem.Controllers.AdminController (AIResumeScreeningSystem).
2026-06-06 07:49:37.916 +05:30 [INF] Executed DbCommand (0ms) [Parameters=[@__p_0='?' (Size = 450)], CommandType='"Text"', CommandTimeout='30']
SELECT TOP(1) [u].[Id], [u].[AccessFailedCount], [u].[ConcurrencyStamp], [u].[CreatedAt], [u].[Email], [u].[EmailConfirmed], [u].[FirstName], [u].[IsActive], [u].[LastName], [u].[LockoutEnabled], [u].[LockoutEnd], [u].[NormalizedEmail], [u].[NormalizedUserName], [u].[PasswordHash], [u].[PhoneNumber], [u].[PhoneNumberConfirmed], [u].[ProfileImagePath], [u].[SecurityStamp], [u].[TwoFactorEnabled], [u].[UpdatedAt], [u].[UserName]
FROM [Users] AS [u]
WHERE [u].[Id] = @__p_0
2026-06-06 07:49:37.919 +05:30 [INF] Executed DbCommand (1ms) [Parameters=[@__normalizedUserName_0='?' (Size = 256)], CommandType='"Text"', CommandTimeout='30']
SELECT TOP(1) [u].[Id], [u].[AccessFailedCount], [u].[ConcurrencyStamp], [u].[CreatedAt], [u].[Email], [u].[EmailConfirmed], [u].[FirstName], [u].[IsActive], [u].[LastName], [u].[LockoutEnabled], [u].[LockoutEnd], [u].[NormalizedEmail], [u].[NormalizedUserName], [u].[PasswordHash], [u].[PhoneNumber], [u].[PhoneNumberConfirmed], [u].[ProfileImagePath], [u].[SecurityStamp], [u].[TwoFactorEnabled], [u].[UpdatedAt], [u].[UserName]
FROM [Users] AS [u]
WHERE [u].[NormalizedUserName] = @__normalizedUserName_0
2026-06-06 07:49:37.922 +05:30 [INF] Executed DbCommand (0ms) [Parameters=[@__normalizedEmail_0='?' (Size = 256)], CommandType='"Text"', CommandTimeout='30']
SELECT TOP(2) [u].[Id], [u].[AccessFailedCount], [u].[ConcurrencyStamp], [u].[CreatedAt], [u].[Email], [u].[EmailConfirmed], [u].[FirstName], [u].[IsActive], [u].[LastName], [u].[LockoutEnabled], [u].[LockoutEnd], [u].[NormalizedEmail], [u].[NormalizedUserName], [u].[PasswordHash], [u].[PhoneNumber], [u].[PhoneNumberConfirmed], [u].[ProfileImagePath], [u].[SecurityStamp], [u].[TwoFactorEnabled], [u].[UpdatedAt], [u].[UserName]
FROM [Users] AS [u]
WHERE [u].[NormalizedEmail] = @__normalizedEmail_0
2026-06-06 07:49:37.924 +05:30 [INF] Executed DbCommand (1ms) [Parameters=[@p20='?' (Size = 450), @p0='?' (DbType = Int32), @p1='?' (Size = 4000), @p21='?' (Size = 4000), @p2='?' (DbType = DateTime2), @p3='?' (Size = 256), @p4='?' (DbType = Boolean), @p5='?' (Size = 100), @p6='?' (DbType = Boolean), @p7='?' (Size = 100), @p8='?' (DbType = Boolean), @p9='?' (DbType = DateTimeOffset), @p10='?' (Size = 256), @p11='?' (Size = 256), @p12='?' (Size = 4000), @p13='?' (Size = 20), @p14='?' (DbType = Boolean), @p15='?' (Size = 500), @p16='?' (Size = 4000), @p17='?' (DbType = Boolean), @p18='?' (DbType = DateTime2), @p19='?' (Size = 256)], CommandType='"Text"', CommandTimeout='30']
SET IMPLICIT_TRANSACTIONS OFF;
SET NOCOUNT ON;
UPDATE [Users] SET [AccessFailedCount] = @p0, [ConcurrencyStamp] = @p1, [CreatedAt] = @p2, [Email] = @p3, [EmailConfirmed] = @p4, [FirstName] = @p5, [IsActive] = @p6, [LastName] = @p7, [LockoutEnabled] = @p8, [LockoutEnd] = @p9, [NormalizedEmail] = @p10, [NormalizedUserName] = @p11, [PasswordHash] = @p12, [PhoneNumber] = @p13, [PhoneNumberConfirmed] = @p14, [ProfileImagePath] = @p15, [SecurityStamp] = @p16, [TwoFactorEnabled] = @p17, [UpdatedAt] = @p18, [UserName] = @p19
OUTPUT 1
WHERE [Id] = @p20 AND [ConcurrencyStamp] = @p21;
2026-06-06 07:49:37.927 +05:30 [INF] Executing RedirectResult, redirecting to /Admin/Users.
2026-06-06 07:49:37.928 +05:30 [INF] Executed action AIResumeScreeningSystem.Controllers.AdminController.ToggleUserActive (AIResumeScreeningSystem) in 13.308ms
2026-06-06 07:49:37.929 +05:30 [INF] Executed endpoint 'AIResumeScreeningSystem.Controllers.AdminController.ToggleUserActive (AIResumeScreeningSystem)'
2026-06-06 07:49:37.930 +05:30 [INF] Request finished HTTP/2 POST https://localhost:7170/Admin/ToggleUserActive?userId=6f25d140-1fcf-44f6-9464-cc19de1379d7 - 302 null null 22.0284ms
2026-06-06 07:49:37.932 +05:30 [INF] Request starting HTTP/2 GET https://localhost:7170/Admin/Users - null null
2026-06-06 07:49:37.936 +05:30 [INF] Executing endpoint 'AIResumeScreeningSystem.Controllers.AdminController.Users (AIResumeScreeningSystem)'
2026-06-06 07:49:37.937 +05:30 [INF] Route matched with {action = "Users", controller = "Admin"}. Executing controller action with signature System.Threading.Tasks.Task`1[Microsoft.AspNetCore.Mvc.IActionResult] Users(System.String, System.String, Int32) on controller AIResumeScreeningSystem.Controllers.AdminController (AIResumeScreeningSystem).
2026-06-06 07:49:37.939 +05:30 [INF] Executed DbCommand (0ms) [Parameters=[], CommandType='"Text"', CommandTimeout='30']
SELECT [u].[Id], [u].[AccessFailedCount], [u].[ConcurrencyStamp], [u].[CreatedAt], [u].[Email], [u].[EmailConfirmed], [u].[FirstName], [u].[IsActive], [u].[LastName], [u].[LockoutEnabled], [u].[LockoutEnd], [u].[NormalizedEmail], [u].[NormalizedUserName], [u].[PasswordHash], [u].[PhoneNumber], [u].[PhoneNumberConfirmed], [u].[ProfileImagePath], [u].[SecurityStamp], [u].[TwoFactorEnabled], [u].[UpdatedAt], [u].[UserName]
FROM [Users] AS [u]
ORDER BY [u].[CreatedAt] DESC
2026-06-06 07:49:37.942 +05:30 [INF] Executed DbCommand (0ms) [Parameters=[@__userId_0='?' (Size = 450)], CommandType='"Text"', CommandTimeout='30']
SELECT [r].[Name]
FROM [UserRoles] AS [u]
INNER JOIN [Roles] AS [r] ON [u].[RoleId] = [r].[Id]
WHERE [u].[UserId] = @__userId_0
2026-06-06 07:49:37.944 +05:30 [INF] Executed DbCommand (0ms) [Parameters=[@__userId_0='?' (Size = 450)], CommandType='"Text"', CommandTimeout='30']
SELECT [r].[Name]
FROM [UserRoles] AS [u]
INNER JOIN [Roles] AS [r] ON [u].[RoleId] = [r].[Id]
WHERE [u].[UserId] = @__userId_0
2026-06-06 07:49:37.946 +05:30 [INF] Executed DbCommand (0ms) [Parameters=[@__userId_0='?' (Size = 450)], CommandType='"Text"', CommandTimeout='30']
SELECT [r].[Name]
FROM [UserRoles] AS [u]
INNER JOIN [Roles] AS [r] ON [u].[RoleId] = [r].[Id]
WHERE [u].[UserId] = @__userId_0
2026-06-06 07:49:37.948 +05:30 [INF] Executing ViewResult, running view Users.
2026-06-06 07:49:37.951 +05:30 [INF] Executed DbCommand (1ms) [Parameters=[@__userId_0='?' (Size = 450)], CommandType='"Text"', CommandTimeout='30']
SELECT [r].[Name]
FROM [UserRoles] AS [u]
INNER JOIN [Roles] AS [r] ON [u].[RoleId] = [r].[Id]
WHERE [u].[UserId] = @__userId_0
2026-06-06 07:49:37.953 +05:30 [INF] Executed ViewResult - view Users executed in 5.2919ms.
2026-06-06 07:49:37.955 +05:30 [INF] Executed action AIResumeScreeningSystem.Controllers.AdminController.Users (AIResumeScreeningSystem) in 16.3691ms
2026-06-06 07:49:37.956 +05:30 [INF] Executed endpoint 'AIResumeScreeningSystem.Controllers.AdminController.Users (AIResumeScreeningSystem)'
2026-06-06 07:49:37.957 +05:30 [INF] Request finished HTTP/2 GET https://localhost:7170/Admin/Users - 200 null text/html; charset=utf-8 25.2703ms
2026-06-06 07:49:37.973 +05:30 [INF] Request starting HTTP/2 GET https://localhost:7170/_vs/browserLink - null null
2026-06-06 07:49:37.974 +05:30 [INF] Request starting HTTP/2 GET https://localhost:7170/_framework/aspnetcore-browser-refresh.js - null null
2026-06-06 07:49:37.978 +05:30 [INF] Request finished HTTP/2 GET https://localhost:7170/_framework/aspnetcore-browser-refresh.js - 200 14951 application/javascript; charset=utf-8 4.5686ms
2026-06-06 07:49:37.979 +05:30 [INF] Request finished HTTP/2 GET https://localhost:7170/_vs/browserLink - 200 null text/javascript; charset=UTF-8 5.4035ms
2026-06-06 07:49:46.110 +05:30 [INF] Request starting HTTP/2 GET https://localhost:7170/Admin/Dashboard - null null
2026-06-06 07:49:46.115 +05:30 [INF] Executing endpoint 'AIResumeScreeningSystem.Controllers.AdminController.Dashboard (AIResumeScreeningSystem)'
2026-06-06 07:49:46.117 +05:30 [INF] Route matched with {action = "Dashboard", controller = "Admin"}. Executing controller action with signature System.Threading.Tasks.Task`1[Microsoft.AspNetCore.Mvc.IActionResult] Dashboard() on controller AIResumeScreeningSystem.Controllers.AdminController (AIResumeScreeningSystem).
2026-06-06 07:49:46.121 +05:30 [INF] Executed DbCommand (2ms) [Parameters=[], CommandType='"Text"', CommandTimeout='30']
SELECT [u].[Id], [u].[AccessFailedCount], [u].[ConcurrencyStamp], [u].[CreatedAt], [u].[Email], [u].[EmailConfirmed], [u].[FirstName], [u].[IsActive], [u].[LastName], [u].[LockoutEnabled], [u].[LockoutEnd], [u].[NormalizedEmail], [u].[NormalizedUserName], [u].[PasswordHash], [u].[PhoneNumber], [u].[PhoneNumberConfirmed], [u].[ProfileImagePath], [u].[SecurityStamp], [u].[TwoFactorEnabled], [u].[UpdatedAt], [u].[UserName]
FROM [Users] AS [u]
2026-06-06 07:49:46.125 +05:30 [INF] Executed DbCommand (1ms) [Parameters=[], CommandType='"Text"', CommandTimeout='30']
SELECT TOP(1) [r].[Id], [r].[ConcurrencyStamp], [r].[Name], [r].[NormalizedName]
FROM [Roles] AS [r]
WHERE [r].[Name] = N'Candidate'
2026-06-06 07:49:46.128 +05:30 [INF] Executed DbCommand (1ms) [Parameters=[], CommandType='"Text"', CommandTimeout='30']
SELECT TOP(1) [r].[Id], [r].[ConcurrencyStamp], [r].[Name], [r].[NormalizedName]
FROM [Roles] AS [r]
WHERE [r].[Name] = N'Recruiter'
2026-06-06 07:49:46.131 +05:30 [INF] Executed DbCommand (1ms) [Parameters=[@__candidateRole_Id_0='?' (Size = 450)], CommandType='"Text"', CommandTimeout='30']
SELECT COUNT(*)
FROM [UserRoles] AS [u]
WHERE [u].[RoleId] = @__candidateRole_Id_0
2026-06-06 07:49:46.136 +05:30 [INF] Executed DbCommand (2ms) [Parameters=[@__recruiterRole_Id_0='?' (Size = 450)], CommandType='"Text"', CommandTimeout='30']
SELECT COUNT(*)
FROM [UserRoles] AS [u]
WHERE [u].[RoleId] = @__recruiterRole_Id_0
2026-06-06 07:49:46.139 +05:30 [INF] Executed DbCommand (1ms) [Parameters=[], CommandType='"Text"', CommandTimeout='30']
SELECT [j].[Id], [j].[Company], [j].[Department], [j].[Description], [j].[ExperienceYearsMax], [j].[ExperienceYearsMin], [j].[ExpiryDate], [j].[JobType], [j].[Location], [j].[PostedByUserId], [j].[PostedDate], [j].[Requirements], [j].[SalaryMax], [j].[SalaryMin], [j].[Status], [j].[Title], [j].[UpdatedAt]
FROM [Jobs] AS [j]
2026-06-06 07:49:46.143 +05:30 [INF] Executed DbCommand (1ms) [Parameters=[], CommandType='"Text"', CommandTimeout='30']
SELECT [a].[Id], [a].[AIEvaluation], [a].[AIMatchScore], [a].[AppliedAt], [a].[CandidateId], [a].[JobId], [a].[MissingSkills], [a].[RankPosition], [a].[RecruiterNotes], [a].[ResumeId], [a].[ReviewedAt], [a].[ReviewedByUserId], [a].[SkillGapAnalysis], [a].[SkillMatchPercentage], [a].[Status], [a].[UpdatedAt]
FROM [Applications] AS [a]
2026-06-06 07:49:46.146 +05:30 [INF] Executed DbCommand (1ms) [Parameters=[], CommandType='"Text"', CommandTimeout='30']
SELECT [r].[Id], [r].[CandidateId], [r].[FileExtension], [r].[FileName], [r].[FilePath], [r].[FileSizeBytes], [r].[IsActive], [r].[ParsedAt], [r].[ParsedEducation], [r].[ParsedEmail], [r].[ParsedExperience], [r].[ParsedName], [r].[ParsedPhone], [r].[ParsedSkills], [r].[ParsedSummary], [r].[RawText], [r].[Status], [r].[UploadedAt]
FROM [Resumes] AS [r]
2026-06-06 07:49:46.152 +05:30 [INF] Executed DbCommand (3ms) [Parameters=[], CommandType='"Text"', CommandTimeout='30']
SELECT COUNT(*)
FROM [InterviewQuestions] AS [i]
2026-06-06 07:49:46.156 +05:30 [INF] Executed DbCommand (2ms) [Parameters=[@__start_0='?' (DbType = DateTime2), @__end_1='?' (DbType = DateTime2)], CommandType='"Text"', CommandTimeout='30']
SELECT COUNT(*)
FROM [Applications] AS [a]
WHERE [a].[AppliedAt] >= @__start_0 AND [a].[AppliedAt] < @__end_1
2026-06-06 07:49:46.158 +05:30 [INF] Executed DbCommand (0ms) [Parameters=[@__start_0='?' (DbType = DateTime2), @__end_1='?' (DbType = DateTime2)], CommandType='"Text"', CommandTimeout='30']
SELECT COUNT(*)
FROM [Applications] AS [a]
WHERE [a].[AppliedAt] >= @__start_0 AND [a].[AppliedAt] < @__end_1
2026-06-06 07:49:46.160 +05:30 [INF] Executed DbCommand (0ms) [Parameters=[@__start_0='?' (DbType = DateTime2), @__end_1='?' (DbType = DateTime2)], CommandType='"Text"', CommandTimeout='30']
SELECT COUNT(*)
FROM [Applications] AS [a]
WHERE [a].[AppliedAt] >= @__start_0 AND [a].[AppliedAt] < @__end_1
2026-06-06 07:49:46.162 +05:30 [INF] Executed DbCommand (0ms) [Parameters=[@__start_0='?' (DbType = DateTime2), @__end_1='?' (DbType = DateTime2)], CommandType='"Text"', CommandTimeout='30']
SELECT COUNT(*)
FROM [Applications] AS [a]
WHERE [a].[AppliedAt] >= @__start_0 AND [a].[AppliedAt] < @__end_1
2026-06-06 07:49:46.164 +05:30 [INF] Executed DbCommand (0ms) [Parameters=[@__start_0='?' (DbType = DateTime2), @__end_1='?' (DbType = DateTime2)], CommandType='"Text"', CommandTimeout='30']
SELECT COUNT(*)
FROM [Applications] AS [a]
WHERE [a].[AppliedAt] >= @__start_0 AND [a].[AppliedAt] < @__end_1
2026-06-06 07:49:46.167 +05:30 [INF] Executed DbCommand (1ms) [Parameters=[@__start_0='?' (DbType = DateTime2), @__end_1='?' (DbType = DateTime2)], CommandType='"Text"', CommandTimeout='30']
SELECT COUNT(*)
FROM [Applications] AS [a]
WHERE [a].[AppliedAt] >= @__start_0 AND [a].[AppliedAt] < @__end_1
2026-06-06 07:49:46.174 +05:30 [INF] Executed DbCommand (4ms) [Parameters=[@__p_0='?' (DbType = Int32)], CommandType='"Text"', CommandTimeout='30']
SELECT TOP(@__p_0) [s].[Name], COUNT(*) AS [Count]
FROM [CandidateSkills] AS [c]
INNER JOIN [Skills] AS [s] ON [c].[SkillId] = [s].[Id]
GROUP BY [s].[Name]
ORDER BY COUNT(*) DESC
2026-06-06 07:49:46.202 +05:30 [INF] Executed DbCommand (24ms) [Parameters=[@__p_0='?' (DbType = Int32)], CommandType='"Text"', CommandTimeout='30']
SELECT TOP(@__p_0) [j].[Id], [j].[Title], [j].[Company], (
    SELECT COUNT(*)
    FROM [Applications] AS [a0]
    WHERE [j].[Id] = [a0].[JobId]), CASE
    WHEN EXISTS (
        SELECT 1
        FROM [Applications] AS [a1]
        WHERE [j].[Id] = [a1].[JobId] AND [a1].[AIMatchScore] IS NOT NULL) THEN (
        SELECT AVG([a2].[AIMatchScore])
        FROM [Applications] AS [a2]
        WHERE [j].[Id] = [a2].[JobId] AND [a2].[AIMatchScore] IS NOT NULL)
    ELSE 0.0
END, (
    SELECT COUNT(*)
    FROM [Applications] AS [a3]
    WHERE [j].[Id] = [a3].[JobId] AND [a3].[Status] = 2), [j].[Status]
FROM [Jobs] AS [j]
ORDER BY (
    SELECT COUNT(*)
    FROM [Applications] AS [a]
    WHERE [j].[Id] = [a].[JobId]) DESC
2026-06-06 07:49:46.314 +05:30 [INF] Executed DbCommand (109ms) [Parameters=[@__p_0='?' (DbType = Int32)], CommandType='"Text"', CommandTimeout='30']
SELECT [t].[CandidateId], [t].[c], [t].[c0], [t].[c1], [t].[c2], [t].[c3], [t].[c4], [t].[c5], [t].[c6], [t].[c7], [t0].[Name], [t0].[Id], [t0].[Id0]
FROM (
    SELECT TOP(@__p_0) [a].[CandidateId], COALESCE((
        SELECT TOP(1) [u].[FirstName]
        FROM [Applications] AS [a0]
        INNER JOIN [Candidates] AS [c] ON [a0].[CandidateId] = [c].[Id]
        INNER JOIN [Users] AS [u] ON [c].[UserId] = [u].[Id]
        WHERE [a0].[AIMatchScore] IS NOT NULL AND [a].[CandidateId] = [a0].[CandidateId]), N'') + N' ' + COALESCE((
        SELECT TOP(1) [u0].[LastName]
        FROM [Applications] AS [a1]
        INNER JOIN [Candidates] AS [c0] ON [a1].[CandidateId] = [c0].[Id]
        INNER JOIN [Users] AS [u0] ON [c0].[UserId] = [u0].[Id]
        WHERE [a1].[AIMatchScore] IS NOT NULL AND [a].[CandidateId] = [a1].[CandidateId]), N'') AS [c], (
        SELECT TOP(1) [c1].[Headline]
        FROM [Applications] AS [a2]
        INNER JOIN [Candidates] AS [c1] ON [a2].[CandidateId] = [c1].[Id]
        WHERE [a2].[AIMatchScore] IS NOT NULL AND [a].[CandidateId] = [a2].[CandidateId]) AS [c0], MAX(COALESCE([a].[AIMatchScore], 0.0)) AS [c1], COUNT(*) AS [c2], (
        SELECT TOP(1) [c2].[Location]
        FROM [Applications] AS [a3]
        INNER JOIN [Candidates] AS [c2] ON [a3].[CandidateId] = [c2].[Id]
        WHERE [a3].[AIMatchScore] IS NOT NULL AND [a].[CandidateId] = [a3].[CandidateId]) AS [c3], (
        SELECT TOP(1) [u1].[ProfileImagePath]
        FROM [Applications] AS [a4]
        INNER JOIN [Candidates] AS [c3] ON [a4].[CandidateId] = [c3].[Id]
        INNER JOIN [Users] AS [u1] ON [c3].[UserId] = [u1].[Id]
        WHERE [a4].[AIMatchScore] IS NOT NULL AND [a].[CandidateId] = [a4].[CandidateId]) AS [c4], CASE
        WHEN CAST(LEN(COALESCE((
            SELECT TOP(1) [u2].[FirstName]
            FROM [Applications] AS [a5]
            INNER JOIN [Candidates] AS [c4] ON [a5].[CandidateId] = [c4].[Id]
            INNER JOIN [Users] AS [u2] ON [c4].[UserId] = [u2].[Id]
            WHERE [a5].[AIMatchScore] IS NOT NULL AND [a].[CandidateId] = [a5].[CandidateId]), N'') + N' ' + COALESCE((
            SELECT TOP(1) [u3].[LastName]
            FROM [Applications] AS [a6]
            INNER JOIN [Candidates] AS [c5] ON [a6].[CandidateId] = [c5].[Id]
            INNER JOIN [Users] AS [u3] ON [c5].[UserId] = [u3].[Id]
            WHERE [a6].[AIMatchScore] IS NOT NULL AND [a].[CandidateId] = [a6].[CandidateId]), N'')) AS int) >= 2 THEN CAST(1 AS bit)
        ELSE CAST(0 AS bit)
    END AS [c5], (
        SELECT TOP(1) [u4].[FirstName]
        FROM [Applications] AS [a7]
        INNER JOIN [Candidates] AS [c6] ON [a7].[CandidateId] = [c6].[Id]
        INNER JOIN [Users] AS [u4] ON [c6].[UserId] = [u4].[Id]
        WHERE [a7].[AIMatchScore] IS NOT NULL AND [a].[CandidateId] = [a7].[CandidateId]) AS [c6], (
        SELECT TOP(1) [u5].[LastName]
        FROM [Applications] AS [a8]
        INNER JOIN [Candidates] AS [c7] ON [a8].[CandidateId] = [c7].[Id]
        INNER JOIN [Users] AS [u5] ON [c7].[UserId] = [u5].[Id]
        WHERE [a8].[AIMatchScore] IS NOT NULL AND [a].[CandidateId] = [a8].[CandidateId]) AS [c7], MAX([a].[AIMatchScore]) AS [c8]
    FROM [Applications] AS [a]
    WHERE [a].[AIMatchScore] IS NOT NULL
    GROUP BY [a].[CandidateId]
    ORDER BY MAX([a].[AIMatchScore]) DESC
) AS [t]
OUTER APPLY (
    SELECT [s].[Name], [t1].[Id], [s].[Id] AS [Id0]
    FROM (
        SELECT TOP(3) [c8].[Id], [c8].[SkillId]
        FROM [CandidateSkills] AS [c8]
        WHERE (
            SELECT TOP(1) [c9].[Id]
            FROM [Applications] AS [a9]
            INNER JOIN [Candidates] AS [c9] ON [a9].[CandidateId] = [c9].[Id]
            WHERE [a9].[AIMatchScore] IS NOT NULL AND [t].[CandidateId] = [a9].[CandidateId]) IS NOT NULL AND (
            SELECT TOP(1) [c10].[Id]
            FROM [Applications] AS [a10]
            INNER JOIN [Candidates] AS [c10] ON [a10].[CandidateId] = [c10].[Id]
            WHERE [a10].[AIMatchScore] IS NOT NULL AND [t].[CandidateId] = [a10].[CandidateId]) = [c8].[CandidateId]
    ) AS [t1]
    INNER JOIN [Skills] AS [s] ON [t1].[SkillId] = [s].[Id]
) AS [t0]
ORDER BY [t].[c8] DESC, [t].[CandidateId], [t0].[Id]
2026-06-06 07:49:46.325 +05:30 [INF] Executed DbCommand (7ms) [Parameters=[@__p_0='?' (DbType = Int32)], CommandType='"Text"', CommandTimeout='30']
SELECT [t].[Id], [t].[AIEvaluation], [t].[AIMatchScore], [t].[AppliedAt], [t].[CandidateId], [t].[JobId], [t].[MissingSkills], [t].[RankPosition], [t].[RecruiterNotes], [t].[ResumeId], [t].[ReviewedAt], [t].[ReviewedByUserId], [t].[SkillGapAnalysis], [t].[SkillMatchPercentage], [t].[Status], [t].[UpdatedAt], [c].[Id], [c].[CreatedAt], [c].[CurrentCompany], [c].[CurrentJobTitle], [c].[GitHubUrl], [c].[GraduationYear], [c].[Headline], [c].[HighestEducation], [c].[IsAvailable], [c].[LinkedInUrl], [c].[Location], [c].[PortfolioUrl], [c].[Summary], [c].[TotalExperienceYears], [c].[University], [c].[UpdatedAt], [c].[UserId], [u].[Id], [u].[AccessFailedCount], [u].[ConcurrencyStamp], [u].[CreatedAt], [u].[Email], [u].[EmailConfirmed], [u].[FirstName], [u].[IsActive], [u].[LastName], [u].[LockoutEnabled], [u].[LockoutEnd], [u].[NormalizedEmail], [u].[NormalizedUserName], [u].[PasswordHash], [u].[PhoneNumber], [u].[PhoneNumberConfirmed], [u].[ProfileImagePath], [u].[SecurityStamp], [u].[TwoFactorEnabled], [u].[UpdatedAt], [u].[UserName], [j].[Id], [j].[Company], [j].[Department], [j].[Description], [j].[ExperienceYearsMax], [j].[ExperienceYearsMin], [j].[ExpiryDate], [j].[JobType], [j].[Location], [j].[PostedByUserId], [j].[PostedDate], [j].[Requirements], [j].[SalaryMax], [j].[SalaryMin], [j].[Status], [j].[Title], [j].[UpdatedAt]
FROM (
    SELECT TOP(@__p_0) [a].[Id], [a].[AIEvaluation], [a].[AIMatchScore], [a].[AppliedAt], [a].[CandidateId], [a].[JobId], [a].[MissingSkills], [a].[RankPosition], [a].[RecruiterNotes], [a].[ResumeId], [a].[ReviewedAt], [a].[ReviewedByUserId], [a].[SkillGapAnalysis], [a].[SkillMatchPercentage], [a].[Status], [a].[UpdatedAt]
    FROM [Applications] AS [a]
    ORDER BY [a].[AppliedAt] DESC
) AS [t]
INNER JOIN [Candidates] AS [c] ON [t].[CandidateId] = [c].[Id]
INNER JOIN [Users] AS [u] ON [c].[UserId] = [u].[Id]
INNER JOIN [Jobs] AS [j] ON [t].[JobId] = [j].[Id]
ORDER BY [t].[AppliedAt] DESC
2026-06-06 07:49:46.330 +05:30 [INF] Executed DbCommand (2ms) [Parameters=[@__p_0='?' (DbType = Int32)], CommandType='"Text"', CommandTimeout='30']
SELECT TOP(@__p_0) [j].[Id], [j].[Company], [j].[Department], [j].[Description], [j].[ExperienceYearsMax], [j].[ExperienceYearsMin], [j].[ExpiryDate], [j].[JobType], [j].[Location], [j].[PostedByUserId], [j].[PostedDate], [j].[Requirements], [j].[SalaryMax], [j].[SalaryMin], [j].[Status], [j].[Title], [j].[UpdatedAt]
FROM [Jobs] AS [j]
ORDER BY [j].[PostedDate] DESC
2026-06-06 07:49:46.332 +05:30 [INF] Executing ViewResult, running view Dashboard.
2026-06-06 07:49:46.336 +05:30 [INF] Executed DbCommand (0ms) [Parameters=[@__userId_0='?' (Size = 450)], CommandType='"Text"', CommandTimeout='30']
SELECT [r].[Name]
FROM [UserRoles] AS [u]
INNER JOIN [Roles] AS [r] ON [u].[RoleId] = [r].[Id]
WHERE [u].[UserId] = @__userId_0
2026-06-06 07:49:46.338 +05:30 [INF] Executed ViewResult - view Dashboard executed in 6.7156ms.
2026-06-06 07:49:46.340 +05:30 [INF] Executed action AIResumeScreeningSystem.Controllers.AdminController.Dashboard (AIResumeScreeningSystem) in 221.1525ms
2026-06-06 07:49:46.341 +05:30 [INF] Executed endpoint 'AIResumeScreeningSystem.Controllers.AdminController.Dashboard (AIResumeScreeningSystem)'
2026-06-06 07:49:46.342 +05:30 [INF] Request finished HTTP/2 GET https://localhost:7170/Admin/Dashboard - 200 null text/html; charset=utf-8 232.0913ms
2026-06-06 07:49:46.362 +05:30 [INF] Request starting HTTP/2 GET https://localhost:7170/_vs/browserLink - null null
2026-06-06 07:49:46.363 +05:30 [INF] Request starting HTTP/2 GET https://localhost:7170/_framework/aspnetcore-browser-refresh.js - null null
2026-06-06 07:49:46.369 +05:30 [INF] Request finished HTTP/2 GET https://localhost:7170/_framework/aspnetcore-browser-refresh.js - 200 14951 application/javascript; charset=utf-8 6.4166ms
2026-06-06 07:49:46.370 +05:30 [INF] Request finished HTTP/2 GET https://localhost:7170/_vs/browserLink - 200 null text/javascript; charset=UTF-8 7.9891ms
2026-06-06 07:50:07.122 +05:30 [INF] Request starting HTTP/2 GET https://localhost:7170/Admin/Users?role=Recruiter - null null
2026-06-06 07:50:07.127 +05:30 [INF] Executing endpoint 'AIResumeScreeningSystem.Controllers.AdminController.Users (AIResumeScreeningSystem)'
2026-06-06 07:50:07.128 +05:30 [INF] Route matched with {action = "Users", controller = "Admin"}. Executing controller action with signature System.Threading.Tasks.Task`1[Microsoft.AspNetCore.Mvc.IActionResult] Users(System.String, System.String, Int32) on controller AIResumeScreeningSystem.Controllers.AdminController (AIResumeScreeningSystem).
2026-06-06 07:50:07.137 +05:30 [INF] Executed DbCommand (6ms) [Parameters=[], CommandType='"Text"', CommandTimeout='30']
SELECT [u].[Id], [u].[AccessFailedCount], [u].[ConcurrencyStamp], [u].[CreatedAt], [u].[Email], [u].[EmailConfirmed], [u].[FirstName], [u].[IsActive], [u].[LastName], [u].[LockoutEnabled], [u].[LockoutEnd], [u].[NormalizedEmail], [u].[NormalizedUserName], [u].[PasswordHash], [u].[PhoneNumber], [u].[PhoneNumberConfirmed], [u].[ProfileImagePath], [u].[SecurityStamp], [u].[TwoFactorEnabled], [u].[UpdatedAt], [u].[UserName]
FROM [Users] AS [u]
ORDER BY [u].[CreatedAt] DESC
2026-06-06 07:50:07.142 +05:30 [INF] Executed DbCommand (3ms) [Parameters=[@__userId_0='?' (Size = 450)], CommandType='"Text"', CommandTimeout='30']
SELECT [r].[Name]
FROM [UserRoles] AS [u]
INNER JOIN [Roles] AS [r] ON [u].[RoleId] = [r].[Id]
WHERE [u].[UserId] = @__userId_0
2026-06-06 07:50:07.144 +05:30 [INF] Executed DbCommand (0ms) [Parameters=[@__userId_0='?' (Size = 450)], CommandType='"Text"', CommandTimeout='30']
SELECT [r].[Name]
FROM [UserRoles] AS [u]
INNER JOIN [Roles] AS [r] ON [u].[RoleId] = [r].[Id]
WHERE [u].[UserId] = @__userId_0
2026-06-06 07:50:07.147 +05:30 [INF] Executed DbCommand (0ms) [Parameters=[@__userId_0='?' (Size = 450)], CommandType='"Text"', CommandTimeout='30']
SELECT [r].[Name]
FROM [UserRoles] AS [u]
INNER JOIN [Roles] AS [r] ON [u].[RoleId] = [r].[Id]
WHERE [u].[UserId] = @__userId_0
2026-06-06 07:50:07.150 +05:30 [INF] Executing ViewResult, running view Users.
2026-06-06 07:50:07.161 +05:30 [INF] Executed DbCommand (0ms) [Parameters=[@__userId_0='?' (Size = 450)], CommandType='"Text"', CommandTimeout='30']
SELECT [r].[Name]
FROM [UserRoles] AS [u]
INNER JOIN [Roles] AS [r] ON [u].[RoleId] = [r].[Id]
WHERE [u].[UserId] = @__userId_0
2026-06-06 07:50:07.163 +05:30 [INF] Executed ViewResult - view Users executed in 13.4489ms.
2026-06-06 07:50:07.165 +05:30 [INF] Executed action AIResumeScreeningSystem.Controllers.AdminController.Users (AIResumeScreeningSystem) in 34.5721ms
2026-06-06 07:50:07.166 +05:30 [INF] Executed endpoint 'AIResumeScreeningSystem.Controllers.AdminController.Users (AIResumeScreeningSystem)'
2026-06-06 07:50:07.168 +05:30 [INF] Request finished HTTP/2 GET https://localhost:7170/Admin/Users?role=Recruiter - 200 null text/html; charset=utf-8 45.4887ms
2026-06-06 07:50:07.184 +05:30 [INF] Request starting HTTP/2 GET https://localhost:7170/_vs/browserLink - null null
2026-06-06 07:50:07.188 +05:30 [INF] Request starting HTTP/2 GET https://localhost:7170/_framework/aspnetcore-browser-refresh.js - null null
2026-06-06 07:50:07.190 +05:30 [INF] Request finished HTTP/2 GET https://localhost:7170/_vs/browserLink - 200 null text/javascript; charset=UTF-8 6.0745ms
2026-06-06 07:50:07.192 +05:30 [INF] Request finished HTTP/2 GET https://localhost:7170/_framework/aspnetcore-browser-refresh.js - 200 14951 application/javascript; charset=utf-8 3.4889ms
2026-06-06 07:50:09.345 +05:30 [INF] Request starting HTTP/2 GET https://localhost:7170/Admin/Dashboard - null null
2026-06-06 07:50:09.349 +05:30 [INF] Executing endpoint 'AIResumeScreeningSystem.Controllers.AdminController.Dashboard (AIResumeScreeningSystem)'
2026-06-06 07:50:09.350 +05:30 [INF] Route matched with {action = "Dashboard", controller = "Admin"}. Executing controller action with signature System.Threading.Tasks.Task`1[Microsoft.AspNetCore.Mvc.IActionResult] Dashboard() on controller AIResumeScreeningSystem.Controllers.AdminController (AIResumeScreeningSystem).
2026-06-06 07:50:09.354 +05:30 [INF] Executed DbCommand (1ms) [Parameters=[], CommandType='"Text"', CommandTimeout='30']
SELECT [u].[Id], [u].[AccessFailedCount], [u].[ConcurrencyStamp], [u].[CreatedAt], [u].[Email], [u].[EmailConfirmed], [u].[FirstName], [u].[IsActive], [u].[LastName], [u].[LockoutEnabled], [u].[LockoutEnd], [u].[NormalizedEmail], [u].[NormalizedUserName], [u].[PasswordHash], [u].[PhoneNumber], [u].[PhoneNumberConfirmed], [u].[ProfileImagePath], [u].[SecurityStamp], [u].[TwoFactorEnabled], [u].[UpdatedAt], [u].[UserName]
FROM [Users] AS [u]
2026-06-06 07:50:09.358 +05:30 [INF] Executed DbCommand (1ms) [Parameters=[], CommandType='"Text"', CommandTimeout='30']
SELECT TOP(1) [r].[Id], [r].[ConcurrencyStamp], [r].[Name], [r].[NormalizedName]
FROM [Roles] AS [r]
WHERE [r].[Name] = N'Candidate'
2026-06-06 07:50:09.361 +05:30 [INF] Executed DbCommand (1ms) [Parameters=[], CommandType='"Text"', CommandTimeout='30']
SELECT TOP(1) [r].[Id], [r].[ConcurrencyStamp], [r].[Name], [r].[NormalizedName]
FROM [Roles] AS [r]
WHERE [r].[Name] = N'Recruiter'
2026-06-06 07:50:09.364 +05:30 [INF] Executed DbCommand (1ms) [Parameters=[@__candidateRole_Id_0='?' (Size = 450)], CommandType='"Text"', CommandTimeout='30']
SELECT COUNT(*)
FROM [UserRoles] AS [u]
WHERE [u].[RoleId] = @__candidateRole_Id_0
2026-06-06 07:50:09.368 +05:30 [INF] Executed DbCommand (2ms) [Parameters=[@__recruiterRole_Id_0='?' (Size = 450)], CommandType='"Text"', CommandTimeout='30']
SELECT COUNT(*)
FROM [UserRoles] AS [u]
WHERE [u].[RoleId] = @__recruiterRole_Id_0
2026-06-06 07:50:09.371 +05:30 [INF] Executed DbCommand (1ms) [Parameters=[], CommandType='"Text"', CommandTimeout='30']
SELECT [j].[Id], [j].[Company], [j].[Department], [j].[Description], [j].[ExperienceYearsMax], [j].[ExperienceYearsMin], [j].[ExpiryDate], [j].[JobType], [j].[Location], [j].[PostedByUserId], [j].[PostedDate], [j].[Requirements], [j].[SalaryMax], [j].[SalaryMin], [j].[Status], [j].[Title], [j].[UpdatedAt]
FROM [Jobs] AS [j]
2026-06-06 07:50:09.375 +05:30 [INF] Executed DbCommand (1ms) [Parameters=[], CommandType='"Text"', CommandTimeout='30']
SELECT [a].[Id], [a].[AIEvaluation], [a].[AIMatchScore], [a].[AppliedAt], [a].[CandidateId], [a].[JobId], [a].[MissingSkills], [a].[RankPosition], [a].[RecruiterNotes], [a].[ResumeId], [a].[ReviewedAt], [a].[ReviewedByUserId], [a].[SkillGapAnalysis], [a].[SkillMatchPercentage], [a].[Status], [a].[UpdatedAt]
FROM [Applications] AS [a]
2026-06-06 07:50:09.379 +05:30 [INF] Executed DbCommand (1ms) [Parameters=[], CommandType='"Text"', CommandTimeout='30']
SELECT [r].[Id], [r].[CandidateId], [r].[FileExtension], [r].[FileName], [r].[FilePath], [r].[FileSizeBytes], [r].[IsActive], [r].[ParsedAt], [r].[ParsedEducation], [r].[ParsedEmail], [r].[ParsedExperience], [r].[ParsedName], [r].[ParsedPhone], [r].[ParsedSkills], [r].[ParsedSummary], [r].[RawText], [r].[Status], [r].[UploadedAt]
FROM [Resumes] AS [r]
2026-06-06 07:50:09.382 +05:30 [INF] Executed DbCommand (1ms) [Parameters=[], CommandType='"Text"', CommandTimeout='30']
SELECT COUNT(*)
FROM [InterviewQuestions] AS [i]
2026-06-06 07:50:09.386 +05:30 [INF] Executed DbCommand (2ms) [Parameters=[@__start_0='?' (DbType = DateTime2), @__end_1='?' (DbType = DateTime2)], CommandType='"Text"', CommandTimeout='30']
SELECT COUNT(*)
FROM [Applications] AS [a]
WHERE [a].[AppliedAt] >= @__start_0 AND [a].[AppliedAt] < @__end_1
2026-06-06 07:50:09.388 +05:30 [INF] Executed DbCommand (0ms) [Parameters=[@__start_0='?' (DbType = DateTime2), @__end_1='?' (DbType = DateTime2)], CommandType='"Text"', CommandTimeout='30']
SELECT COUNT(*)
FROM [Applications] AS [a]
WHERE [a].[AppliedAt] >= @__start_0 AND [a].[AppliedAt] < @__end_1
2026-06-06 07:50:09.390 +05:30 [INF] Executed DbCommand (0ms) [Parameters=[@__start_0='?' (DbType = DateTime2), @__end_1='?' (DbType = DateTime2)], CommandType='"Text"', CommandTimeout='30']
SELECT COUNT(*)
FROM [Applications] AS [a]
WHERE [a].[AppliedAt] >= @__start_0 AND [a].[AppliedAt] < @__end_1
2026-06-06 07:50:09.392 +05:30 [INF] Executed DbCommand (0ms) [Parameters=[@__start_0='?' (DbType = DateTime2), @__end_1='?' (DbType = DateTime2)], CommandType='"Text"', CommandTimeout='30']
SELECT COUNT(*)
FROM [Applications] AS [a]
WHERE [a].[AppliedAt] >= @__start_0 AND [a].[AppliedAt] < @__end_1
2026-06-06 07:50:09.394 +05:30 [INF] Executed DbCommand (0ms) [Parameters=[@__start_0='?' (DbType = DateTime2), @__end_1='?' (DbType = DateTime2)], CommandType='"Text"', CommandTimeout='30']
SELECT COUNT(*)
FROM [Applications] AS [a]
WHERE [a].[AppliedAt] >= @__start_0 AND [a].[AppliedAt] < @__end_1
2026-06-06 07:50:09.396 +05:30 [INF] Executed DbCommand (0ms) [Parameters=[@__start_0='?' (DbType = DateTime2), @__end_1='?' (DbType = DateTime2)], CommandType='"Text"', CommandTimeout='30']
SELECT COUNT(*)
FROM [Applications] AS [a]
WHERE [a].[AppliedAt] >= @__start_0 AND [a].[AppliedAt] < @__end_1
2026-06-06 07:50:09.404 +05:30 [INF] Executed DbCommand (5ms) [Parameters=[@__p_0='?' (DbType = Int32)], CommandType='"Text"', CommandTimeout='30']
SELECT TOP(@__p_0) [s].[Name], COUNT(*) AS [Count]
FROM [CandidateSkills] AS [c]
INNER JOIN [Skills] AS [s] ON [c].[SkillId] = [s].[Id]
GROUP BY [s].[Name]
ORDER BY COUNT(*) DESC
2026-06-06 07:50:09.430 +05:30 [INF] Executed DbCommand (24ms) [Parameters=[@__p_0='?' (DbType = Int32)], CommandType='"Text"', CommandTimeout='30']
SELECT TOP(@__p_0) [j].[Id], [j].[Title], [j].[Company], (
    SELECT COUNT(*)
    FROM [Applications] AS [a0]
    WHERE [j].[Id] = [a0].[JobId]), CASE
    WHEN EXISTS (
        SELECT 1
        FROM [Applications] AS [a1]
        WHERE [j].[Id] = [a1].[JobId] AND [a1].[AIMatchScore] IS NOT NULL) THEN (
        SELECT AVG([a2].[AIMatchScore])
        FROM [Applications] AS [a2]
        WHERE [j].[Id] = [a2].[JobId] AND [a2].[AIMatchScore] IS NOT NULL)
    ELSE 0.0
END, (
    SELECT COUNT(*)
    FROM [Applications] AS [a3]
    WHERE [j].[Id] = [a3].[JobId] AND [a3].[Status] = 2), [j].[Status]
FROM [Jobs] AS [j]
ORDER BY (
    SELECT COUNT(*)
    FROM [Applications] AS [a]
    WHERE [j].[Id] = [a].[JobId]) DESC
2026-06-06 07:50:09.542 +05:30 [INF] Executed DbCommand (108ms) [Parameters=[@__p_0='?' (DbType = Int32)], CommandType='"Text"', CommandTimeout='30']
SELECT [t].[CandidateId], [t].[c], [t].[c0], [t].[c1], [t].[c2], [t].[c3], [t].[c4], [t].[c5], [t].[c6], [t].[c7], [t0].[Name], [t0].[Id], [t0].[Id0]
FROM (
    SELECT TOP(@__p_0) [a].[CandidateId], COALESCE((
        SELECT TOP(1) [u].[FirstName]
        FROM [Applications] AS [a0]
        INNER JOIN [Candidates] AS [c] ON [a0].[CandidateId] = [c].[Id]
        INNER JOIN [Users] AS [u] ON [c].[UserId] = [u].[Id]
        WHERE [a0].[AIMatchScore] IS NOT NULL AND [a].[CandidateId] = [a0].[CandidateId]), N'') + N' ' + COALESCE((
        SELECT TOP(1) [u0].[LastName]
        FROM [Applications] AS [a1]
        INNER JOIN [Candidates] AS [c0] ON [a1].[CandidateId] = [c0].[Id]
        INNER JOIN [Users] AS [u0] ON [c0].[UserId] = [u0].[Id]
        WHERE [a1].[AIMatchScore] IS NOT NULL AND [a].[CandidateId] = [a1].[CandidateId]), N'') AS [c], (
        SELECT TOP(1) [c1].[Headline]
        FROM [Applications] AS [a2]
        INNER JOIN [Candidates] AS [c1] ON [a2].[CandidateId] = [c1].[Id]
        WHERE [a2].[AIMatchScore] IS NOT NULL AND [a].[CandidateId] = [a2].[CandidateId]) AS [c0], MAX(COALESCE([a].[AIMatchScore], 0.0)) AS [c1], COUNT(*) AS [c2], (
        SELECT TOP(1) [c2].[Location]
        FROM [Applications] AS [a3]
        INNER JOIN [Candidates] AS [c2] ON [a3].[CandidateId] = [c2].[Id]
        WHERE [a3].[AIMatchScore] IS NOT NULL AND [a].[CandidateId] = [a3].[CandidateId]) AS [c3], (
        SELECT TOP(1) [u1].[ProfileImagePath]
        FROM [Applications] AS [a4]
        INNER JOIN [Candidates] AS [c3] ON [a4].[CandidateId] = [c3].[Id]
        INNER JOIN [Users] AS [u1] ON [c3].[UserId] = [u1].[Id]
        WHERE [a4].[AIMatchScore] IS NOT NULL AND [a].[CandidateId] = [a4].[CandidateId]) AS [c4], CASE
        WHEN CAST(LEN(COALESCE((
            SELECT TOP(1) [u2].[FirstName]
            FROM [Applications] AS [a5]
            INNER JOIN [Candidates] AS [c4] ON [a5].[CandidateId] = [c4].[Id]
            INNER JOIN [Users] AS [u2] ON [c4].[UserId] = [u2].[Id]
            WHERE [a5].[AIMatchScore] IS NOT NULL AND [a].[CandidateId] = [a5].[CandidateId]), N'') + N' ' + COALESCE((
            SELECT TOP(1) [u3].[LastName]
            FROM [Applications] AS [a6]
            INNER JOIN [Candidates] AS [c5] ON [a6].[CandidateId] = [c5].[Id]
            INNER JOIN [Users] AS [u3] ON [c5].[UserId] = [u3].[Id]
            WHERE [a6].[AIMatchScore] IS NOT NULL AND [a].[CandidateId] = [a6].[CandidateId]), N'')) AS int) >= 2 THEN CAST(1 AS bit)
        ELSE CAST(0 AS bit)
    END AS [c5], (
        SELECT TOP(1) [u4].[FirstName]
        FROM [Applications] AS [a7]
        INNER JOIN [Candidates] AS [c6] ON [a7].[CandidateId] = [c6].[Id]
        INNER JOIN [Users] AS [u4] ON [c6].[UserId] = [u4].[Id]
        WHERE [a7].[AIMatchScore] IS NOT NULL AND [a].[CandidateId] = [a7].[CandidateId]) AS [c6], (
        SELECT TOP(1) [u5].[LastName]
        FROM [Applications] AS [a8]
        INNER JOIN [Candidates] AS [c7] ON [a8].[CandidateId] = [c7].[Id]
        INNER JOIN [Users] AS [u5] ON [c7].[UserId] = [u5].[Id]
        WHERE [a8].[AIMatchScore] IS NOT NULL AND [a].[CandidateId] = [a8].[CandidateId]) AS [c7], MAX([a].[AIMatchScore]) AS [c8]
    FROM [Applications] AS [a]
    WHERE [a].[AIMatchScore] IS NOT NULL
    GROUP BY [a].[CandidateId]
    ORDER BY MAX([a].[AIMatchScore]) DESC
) AS [t]
OUTER APPLY (
    SELECT [s].[Name], [t1].[Id], [s].[Id] AS [Id0]
    FROM (
        SELECT TOP(3) [c8].[Id], [c8].[SkillId]
        FROM [CandidateSkills] AS [c8]
        WHERE (
            SELECT TOP(1) [c9].[Id]
            FROM [Applications] AS [a9]
            INNER JOIN [Candidates] AS [c9] ON [a9].[CandidateId] = [c9].[Id]
            WHERE [a9].[AIMatchScore] IS NOT NULL AND [t].[CandidateId] = [a9].[CandidateId]) IS NOT NULL AND (
            SELECT TOP(1) [c10].[Id]
            FROM [Applications] AS [a10]
            INNER JOIN [Candidates] AS [c10] ON [a10].[CandidateId] = [c10].[Id]
            WHERE [a10].[AIMatchScore] IS NOT NULL AND [t].[CandidateId] = [a10].[CandidateId]) = [c8].[CandidateId]
    ) AS [t1]
    INNER JOIN [Skills] AS [s] ON [t1].[SkillId] = [s].[Id]
) AS [t0]
ORDER BY [t].[c8] DESC, [t].[CandidateId], [t0].[Id]
2026-06-06 07:50:09.552 +05:30 [INF] Executed DbCommand (8ms) [Parameters=[@__p_0='?' (DbType = Int32)], CommandType='"Text"', CommandTimeout='30']
SELECT [t].[Id], [t].[AIEvaluation], [t].[AIMatchScore], [t].[AppliedAt], [t].[CandidateId], [t].[JobId], [t].[MissingSkills], [t].[RankPosition], [t].[RecruiterNotes], [t].[ResumeId], [t].[ReviewedAt], [t].[ReviewedByUserId], [t].[SkillGapAnalysis], [t].[SkillMatchPercentage], [t].[Status], [t].[UpdatedAt], [c].[Id], [c].[CreatedAt], [c].[CurrentCompany], [c].[CurrentJobTitle], [c].[GitHubUrl], [c].[GraduationYear], [c].[Headline], [c].[HighestEducation], [c].[IsAvailable], [c].[LinkedInUrl], [c].[Location], [c].[PortfolioUrl], [c].[Summary], [c].[TotalExperienceYears], [c].[University], [c].[UpdatedAt], [c].[UserId], [u].[Id], [u].[AccessFailedCount], [u].[ConcurrencyStamp], [u].[CreatedAt], [u].[Email], [u].[EmailConfirmed], [u].[FirstName], [u].[IsActive], [u].[LastName], [u].[LockoutEnabled], [u].[LockoutEnd], [u].[NormalizedEmail], [u].[NormalizedUserName], [u].[PasswordHash], [u].[PhoneNumber], [u].[PhoneNumberConfirmed], [u].[ProfileImagePath], [u].[SecurityStamp], [u].[TwoFactorEnabled], [u].[UpdatedAt], [u].[UserName], [j].[Id], [j].[Company], [j].[Department], [j].[Description], [j].[ExperienceYearsMax], [j].[ExperienceYearsMin], [j].[ExpiryDate], [j].[JobType], [j].[Location], [j].[PostedByUserId], [j].[PostedDate], [j].[Requirements], [j].[SalaryMax], [j].[SalaryMin], [j].[Status], [j].[Title], [j].[UpdatedAt]
FROM (
    SELECT TOP(@__p_0) [a].[Id], [a].[AIEvaluation], [a].[AIMatchScore], [a].[AppliedAt], [a].[CandidateId], [a].[JobId], [a].[MissingSkills], [a].[RankPosition], [a].[RecruiterNotes], [a].[ResumeId], [a].[ReviewedAt], [a].[ReviewedByUserId], [a].[SkillGapAnalysis], [a].[SkillMatchPercentage], [a].[Status], [a].[UpdatedAt]
    FROM [Applications] AS [a]
    ORDER BY [a].[AppliedAt] DESC
) AS [t]
INNER JOIN [Candidates] AS [c] ON [t].[CandidateId] = [c].[Id]
INNER JOIN [Users] AS [u] ON [c].[UserId] = [u].[Id]
INNER JOIN [Jobs] AS [j] ON [t].[JobId] = [j].[Id]
ORDER BY [t].[AppliedAt] DESC
2026-06-06 07:50:09.557 +05:30 [INF] Executed DbCommand (2ms) [Parameters=[@__p_0='?' (DbType = Int32)], CommandType='"Text"', CommandTimeout='30']
SELECT TOP(@__p_0) [j].[Id], [j].[Company], [j].[Department], [j].[Description], [j].[ExperienceYearsMax], [j].[ExperienceYearsMin], [j].[ExpiryDate], [j].[JobType], [j].[Location], [j].[PostedByUserId], [j].[PostedDate], [j].[Requirements], [j].[SalaryMax], [j].[SalaryMin], [j].[Status], [j].[Title], [j].[UpdatedAt]
FROM [Jobs] AS [j]
ORDER BY [j].[PostedDate] DESC
2026-06-06 07:50:09.559 +05:30 [INF] Executing ViewResult, running view Dashboard.
2026-06-06 07:50:09.561 +05:30 [INF] Executed DbCommand (0ms) [Parameters=[@__userId_0='?' (Size = 450)], CommandType='"Text"', CommandTimeout='30']
SELECT [r].[Name]
FROM [UserRoles] AS [u]
INNER JOIN [Roles] AS [r] ON [u].[RoleId] = [r].[Id]
WHERE [u].[UserId] = @__userId_0
2026-06-06 07:50:09.563 +05:30 [INF] Executed ViewResult - view Dashboard executed in 4.8472ms.
2026-06-06 07:50:09.565 +05:30 [INF] Executed action AIResumeScreeningSystem.Controllers.AdminController.Dashboard (AIResumeScreeningSystem) in 212.3141ms
2026-06-06 07:50:09.566 +05:30 [INF] Executed endpoint 'AIResumeScreeningSystem.Controllers.AdminController.Dashboard (AIResumeScreeningSystem)'
2026-06-06 07:50:09.567 +05:30 [INF] Request finished HTTP/2 GET https://localhost:7170/Admin/Dashboard - 200 null text/html; charset=utf-8 222.8528ms
2026-06-06 07:50:09.588 +05:30 [INF] Request starting HTTP/2 GET https://localhost:7170/_framework/aspnetcore-browser-refresh.js - null null
2026-06-06 07:50:09.591 +05:30 [INF] Request finished HTTP/2 GET https://localhost:7170/_framework/aspnetcore-browser-refresh.js - 200 14951 application/javascript; charset=utf-8 3.2044ms
2026-06-06 07:50:11.000 +05:30 [INF] Request starting HTTP/2 GET https://localhost:7170/Admin/Users?role=Candidate - null null
2026-06-06 07:50:11.005 +05:30 [INF] Executing endpoint 'AIResumeScreeningSystem.Controllers.AdminController.Users (AIResumeScreeningSystem)'
2026-06-06 07:50:11.007 +05:30 [INF] Route matched with {action = "Users", controller = "Admin"}. Executing controller action with signature System.Threading.Tasks.Task`1[Microsoft.AspNetCore.Mvc.IActionResult] Users(System.String, System.String, Int32) on controller AIResumeScreeningSystem.Controllers.AdminController (AIResumeScreeningSystem).
2026-06-06 07:50:11.009 +05:30 [INF] Executed DbCommand (0ms) [Parameters=[], CommandType='"Text"', CommandTimeout='30']
SELECT [u].[Id], [u].[AccessFailedCount], [u].[ConcurrencyStamp], [u].[CreatedAt], [u].[Email], [u].[EmailConfirmed], [u].[FirstName], [u].[IsActive], [u].[LastName], [u].[LockoutEnabled], [u].[LockoutEnd], [u].[NormalizedEmail], [u].[NormalizedUserName], [u].[PasswordHash], [u].[PhoneNumber], [u].[PhoneNumberConfirmed], [u].[ProfileImagePath], [u].[SecurityStamp], [u].[TwoFactorEnabled], [u].[UpdatedAt], [u].[UserName]
FROM [Users] AS [u]
ORDER BY [u].[CreatedAt] DESC
2026-06-06 07:50:11.012 +05:30 [INF] Executed DbCommand (0ms) [Parameters=[@__userId_0='?' (Size = 450)], CommandType='"Text"', CommandTimeout='30']
SELECT [r].[Name]
FROM [UserRoles] AS [u]
INNER JOIN [Roles] AS [r] ON [u].[RoleId] = [r].[Id]
WHERE [u].[UserId] = @__userId_0
2026-06-06 07:50:11.014 +05:30 [INF] Executed DbCommand (0ms) [Parameters=[@__userId_0='?' (Size = 450)], CommandType='"Text"', CommandTimeout='30']
SELECT [r].[Name]
FROM [UserRoles] AS [u]
INNER JOIN [Roles] AS [r] ON [u].[RoleId] = [r].[Id]
WHERE [u].[UserId] = @__userId_0
2026-06-06 07:50:11.018 +05:30 [INF] Executed DbCommand (1ms) [Parameters=[@__userId_0='?' (Size = 450)], CommandType='"Text"', CommandTimeout='30']
SELECT [r].[Name]
FROM [UserRoles] AS [u]
INNER JOIN [Roles] AS [r] ON [u].[RoleId] = [r].[Id]
WHERE [u].[UserId] = @__userId_0
2026-06-06 07:50:11.020 +05:30 [INF] Executing ViewResult, running view Users.
2026-06-06 07:50:11.022 +05:30 [INF] Executed DbCommand (0ms) [Parameters=[@__userId_0='?' (Size = 450)], CommandType='"Text"', CommandTimeout='30']
SELECT [r].[Name]
FROM [UserRoles] AS [u]
INNER JOIN [Roles] AS [r] ON [u].[RoleId] = [r].[Id]
WHERE [u].[UserId] = @__userId_0
2026-06-06 07:50:11.024 +05:30 [INF] Executed ViewResult - view Users executed in 4.3008ms.
2026-06-06 07:50:11.025 +05:30 [INF] Executed action AIResumeScreeningSystem.Controllers.AdminController.Users (AIResumeScreeningSystem) in 16.919ms
2026-06-06 07:50:11.026 +05:30 [INF] Executed endpoint 'AIResumeScreeningSystem.Controllers.AdminController.Users (AIResumeScreeningSystem)'
2026-06-06 07:50:11.028 +05:30 [INF] Request finished HTTP/2 GET https://localhost:7170/Admin/Users?role=Candidate - 200 null text/html; charset=utf-8 27.3927ms
2026-06-06 07:50:11.047 +05:30 [INF] Request starting HTTP/2 GET https://localhost:7170/_vs/browserLink - null null
2026-06-06 07:50:11.048 +05:30 [INF] Request starting HTTP/2 GET https://localhost:7170/_framework/aspnetcore-browser-refresh.js - null null
2026-06-06 07:50:11.053 +05:30 [INF] Request finished HTTP/2 GET https://localhost:7170/_framework/aspnetcore-browser-refresh.js - 200 14951 application/javascript; charset=utf-8 5.4176ms
2026-06-06 07:50:11.054 +05:30 [INF] Request finished HTTP/2 GET https://localhost:7170/_vs/browserLink - 200 null text/javascript; charset=UTF-8 6.459ms
2026-06-06 07:50:13.326 +05:30 [INF] Request starting HTTP/2 GET https://localhost:7170/Admin/Dashboard - null null
2026-06-06 07:50:13.332 +05:30 [INF] Executing endpoint 'AIResumeScreeningSystem.Controllers.AdminController.Dashboard (AIResumeScreeningSystem)'
2026-06-06 07:50:13.333 +05:30 [INF] Route matched with {action = "Dashboard", controller = "Admin"}. Executing controller action with signature System.Threading.Tasks.Task`1[Microsoft.AspNetCore.Mvc.IActionResult] Dashboard() on controller AIResumeScreeningSystem.Controllers.AdminController (AIResumeScreeningSystem).
2026-06-06 07:50:13.337 +05:30 [INF] Executed DbCommand (0ms) [Parameters=[], CommandType='"Text"', CommandTimeout='30']
SELECT [u].[Id], [u].[AccessFailedCount], [u].[ConcurrencyStamp], [u].[CreatedAt], [u].[Email], [u].[EmailConfirmed], [u].[FirstName], [u].[IsActive], [u].[LastName], [u].[LockoutEnabled], [u].[LockoutEnd], [u].[NormalizedEmail], [u].[NormalizedUserName], [u].[PasswordHash], [u].[PhoneNumber], [u].[PhoneNumberConfirmed], [u].[ProfileImagePath], [u].[SecurityStamp], [u].[TwoFactorEnabled], [u].[UpdatedAt], [u].[UserName]
FROM [Users] AS [u]
2026-06-06 07:50:13.339 +05:30 [INF] Executed DbCommand (0ms) [Parameters=[], CommandType='"Text"', CommandTimeout='30']
SELECT TOP(1) [r].[Id], [r].[ConcurrencyStamp], [r].[Name], [r].[NormalizedName]
FROM [Roles] AS [r]
WHERE [r].[Name] = N'Candidate'
2026-06-06 07:50:13.341 +05:30 [INF] Executed DbCommand (0ms) [Parameters=[], CommandType='"Text"', CommandTimeout='30']
SELECT TOP(1) [r].[Id], [r].[ConcurrencyStamp], [r].[Name], [r].[NormalizedName]
FROM [Roles] AS [r]
WHERE [r].[Name] = N'Recruiter'
2026-06-06 07:50:13.343 +05:30 [INF] Executed DbCommand (0ms) [Parameters=[@__candidateRole_Id_0='?' (Size = 450)], CommandType='"Text"', CommandTimeout='30']
SELECT COUNT(*)
FROM [UserRoles] AS [u]
WHERE [u].[RoleId] = @__candidateRole_Id_0
2026-06-06 07:50:13.345 +05:30 [INF] Executed DbCommand (0ms) [Parameters=[@__recruiterRole_Id_0='?' (Size = 450)], CommandType='"Text"', CommandTimeout='30']
SELECT COUNT(*)
FROM [UserRoles] AS [u]
WHERE [u].[RoleId] = @__recruiterRole_Id_0
2026-06-06 07:50:13.347 +05:30 [INF] Executed DbCommand (0ms) [Parameters=[], CommandType='"Text"', CommandTimeout='30']
SELECT [j].[Id], [j].[Company], [j].[Department], [j].[Description], [j].[ExperienceYearsMax], [j].[ExperienceYearsMin], [j].[ExpiryDate], [j].[JobType], [j].[Location], [j].[PostedByUserId], [j].[PostedDate], [j].[Requirements], [j].[SalaryMax], [j].[SalaryMin], [j].[Status], [j].[Title], [j].[UpdatedAt]
FROM [Jobs] AS [j]
2026-06-06 07:50:13.349 +05:30 [INF] Executed DbCommand (0ms) [Parameters=[], CommandType='"Text"', CommandTimeout='30']
SELECT [a].[Id], [a].[AIEvaluation], [a].[AIMatchScore], [a].[AppliedAt], [a].[CandidateId], [a].[JobId], [a].[MissingSkills], [a].[RankPosition], [a].[RecruiterNotes], [a].[ResumeId], [a].[ReviewedAt], [a].[ReviewedByUserId], [a].[SkillGapAnalysis], [a].[SkillMatchPercentage], [a].[Status], [a].[UpdatedAt]
FROM [Applications] AS [a]
2026-06-06 07:50:13.352 +05:30 [INF] Executed DbCommand (0ms) [Parameters=[], CommandType='"Text"', CommandTimeout='30']
SELECT [r].[Id], [r].[CandidateId], [r].[FileExtension], [r].[FileName], [r].[FilePath], [r].[FileSizeBytes], [r].[IsActive], [r].[ParsedAt], [r].[ParsedEducation], [r].[ParsedEmail], [r].[ParsedExperience], [r].[ParsedName], [r].[ParsedPhone], [r].[ParsedSkills], [r].[ParsedSummary], [r].[RawText], [r].[Status], [r].[UploadedAt]
FROM [Resumes] AS [r]
2026-06-06 07:50:13.355 +05:30 [INF] Executed DbCommand (0ms) [Parameters=[], CommandType='"Text"', CommandTimeout='30']
SELECT COUNT(*)
FROM [InterviewQuestions] AS [i]
2026-06-06 07:50:13.357 +05:30 [INF] Executed DbCommand (0ms) [Parameters=[@__start_0='?' (DbType = DateTime2), @__end_1='?' (DbType = DateTime2)], CommandType='"Text"', CommandTimeout='30']
SELECT COUNT(*)
FROM [Applications] AS [a]
WHERE [a].[AppliedAt] >= @__start_0 AND [a].[AppliedAt] < @__end_1
2026-06-06 07:50:13.359 +05:30 [INF] Executed DbCommand (0ms) [Parameters=[@__start_0='?' (DbType = DateTime2), @__end_1='?' (DbType = DateTime2)], CommandType='"Text"', CommandTimeout='30']
SELECT COUNT(*)
FROM [Applications] AS [a]
WHERE [a].[AppliedAt] >= @__start_0 AND [a].[AppliedAt] < @__end_1
2026-06-06 07:50:13.361 +05:30 [INF] Executed DbCommand (0ms) [Parameters=[@__start_0='?' (DbType = DateTime2), @__end_1='?' (DbType = DateTime2)], CommandType='"Text"', CommandTimeout='30']
SELECT COUNT(*)
FROM [Applications] AS [a]
WHERE [a].[AppliedAt] >= @__start_0 AND [a].[AppliedAt] < @__end_1
2026-06-06 07:50:13.363 +05:30 [INF] Executed DbCommand (0ms) [Parameters=[@__start_0='?' (DbType = DateTime2), @__end_1='?' (DbType = DateTime2)], CommandType='"Text"', CommandTimeout='30']
SELECT COUNT(*)
FROM [Applications] AS [a]
WHERE [a].[AppliedAt] >= @__start_0 AND [a].[AppliedAt] < @__end_1
2026-06-06 07:50:13.365 +05:30 [INF] Executed DbCommand (0ms) [Parameters=[@__start_0='?' (DbType = DateTime2), @__end_1='?' (DbType = DateTime2)], CommandType='"Text"', CommandTimeout='30']
SELECT COUNT(*)
FROM [Applications] AS [a]
WHERE [a].[AppliedAt] >= @__start_0 AND [a].[AppliedAt] < @__end_1
2026-06-06 07:50:13.368 +05:30 [INF] Executed DbCommand (1ms) [Parameters=[@__start_0='?' (DbType = DateTime2), @__end_1='?' (DbType = DateTime2)], CommandType='"Text"', CommandTimeout='30']
SELECT COUNT(*)
FROM [Applications] AS [a]
WHERE [a].[AppliedAt] >= @__start_0 AND [a].[AppliedAt] < @__end_1
2026-06-06 07:50:13.371 +05:30 [INF] Executed DbCommand (0ms) [Parameters=[@__p_0='?' (DbType = Int32)], CommandType='"Text"', CommandTimeout='30']
SELECT TOP(@__p_0) [s].[Name], COUNT(*) AS [Count]
FROM [CandidateSkills] AS [c]
INNER JOIN [Skills] AS [s] ON [c].[SkillId] = [s].[Id]
GROUP BY [s].[Name]
ORDER BY COUNT(*) DESC
2026-06-06 07:50:13.373 +05:30 [INF] Executed DbCommand (0ms) [Parameters=[@__p_0='?' (DbType = Int32)], CommandType='"Text"', CommandTimeout='30']
SELECT TOP(@__p_0) [j].[Id], [j].[Title], [j].[Company], (
    SELECT COUNT(*)
    FROM [Applications] AS [a0]
    WHERE [j].[Id] = [a0].[JobId]), CASE
    WHEN EXISTS (
        SELECT 1
        FROM [Applications] AS [a1]
        WHERE [j].[Id] = [a1].[JobId] AND [a1].[AIMatchScore] IS NOT NULL) THEN (
        SELECT AVG([a2].[AIMatchScore])
        FROM [Applications] AS [a2]
        WHERE [j].[Id] = [a2].[JobId] AND [a2].[AIMatchScore] IS NOT NULL)
    ELSE 0.0
END, (
    SELECT COUNT(*)
    FROM [Applications] AS [a3]
    WHERE [j].[Id] = [a3].[JobId] AND [a3].[Status] = 2), [j].[Status]
FROM [Jobs] AS [j]
ORDER BY (
    SELECT COUNT(*)
    FROM [Applications] AS [a]
    WHERE [j].[Id] = [a].[JobId]) DESC
2026-06-06 07:50:13.376 +05:30 [INF] Executed DbCommand (1ms) [Parameters=[@__p_0='?' (DbType = Int32)], CommandType='"Text"', CommandTimeout='30']
SELECT [t].[CandidateId], [t].[c], [t].[c0], [t].[c1], [t].[c2], [t].[c3], [t].[c4], [t].[c5], [t].[c6], [t].[c7], [t0].[Name], [t0].[Id], [t0].[Id0]
FROM (
    SELECT TOP(@__p_0) [a].[CandidateId], COALESCE((
        SELECT TOP(1) [u].[FirstName]
        FROM [Applications] AS [a0]
        INNER JOIN [Candidates] AS [c] ON [a0].[CandidateId] = [c].[Id]
        INNER JOIN [Users] AS [u] ON [c].[UserId] = [u].[Id]
        WHERE [a0].[AIMatchScore] IS NOT NULL AND [a].[CandidateId] = [a0].[CandidateId]), N'') + N' ' + COALESCE((
        SELECT TOP(1) [u0].[LastName]
        FROM [Applications] AS [a1]
        INNER JOIN [Candidates] AS [c0] ON [a1].[CandidateId] = [c0].[Id]
        INNER JOIN [Users] AS [u0] ON [c0].[UserId] = [u0].[Id]
        WHERE [a1].[AIMatchScore] IS NOT NULL AND [a].[CandidateId] = [a1].[CandidateId]), N'') AS [c], (
        SELECT TOP(1) [c1].[Headline]
        FROM [Applications] AS [a2]
        INNER JOIN [Candidates] AS [c1] ON [a2].[CandidateId] = [c1].[Id]
        WHERE [a2].[AIMatchScore] IS NOT NULL AND [a].[CandidateId] = [a2].[CandidateId]) AS [c0], MAX(COALESCE([a].[AIMatchScore], 0.0)) AS [c1], COUNT(*) AS [c2], (
        SELECT TOP(1) [c2].[Location]
        FROM [Applications] AS [a3]
        INNER JOIN [Candidates] AS [c2] ON [a3].[CandidateId] = [c2].[Id]
        WHERE [a3].[AIMatchScore] IS NOT NULL AND [a].[CandidateId] = [a3].[CandidateId]) AS [c3], (
        SELECT TOP(1) [u1].[ProfileImagePath]
        FROM [Applications] AS [a4]
        INNER JOIN [Candidates] AS [c3] ON [a4].[CandidateId] = [c3].[Id]
        INNER JOIN [Users] AS [u1] ON [c3].[UserId] = [u1].[Id]
        WHERE [a4].[AIMatchScore] IS NOT NULL AND [a].[CandidateId] = [a4].[CandidateId]) AS [c4], CASE
        WHEN CAST(LEN(COALESCE((
            SELECT TOP(1) [u2].[FirstName]
            FROM [Applications] AS [a5]
            INNER JOIN [Candidates] AS [c4] ON [a5].[CandidateId] = [c4].[Id]
            INNER JOIN [Users] AS [u2] ON [c4].[UserId] = [u2].[Id]
            WHERE [a5].[AIMatchScore] IS NOT NULL AND [a].[CandidateId] = [a5].[CandidateId]), N'') + N' ' + COALESCE((
            SELECT TOP(1) [u3].[LastName]
            FROM [Applications] AS [a6]
            INNER JOIN [Candidates] AS [c5] ON [a6].[CandidateId] = [c5].[Id]
            INNER JOIN [Users] AS [u3] ON [c5].[UserId] = [u3].[Id]
            WHERE [a6].[AIMatchScore] IS NOT NULL AND [a].[CandidateId] = [a6].[CandidateId]), N'')) AS int) >= 2 THEN CAST(1 AS bit)
        ELSE CAST(0 AS bit)
    END AS [c5], (
        SELECT TOP(1) [u4].[FirstName]
        FROM [Applications] AS [a7]
        INNER JOIN [Candidates] AS [c6] ON [a7].[CandidateId] = [c6].[Id]
        INNER JOIN [Users] AS [u4] ON [c6].[UserId] = [u4].[Id]
        WHERE [a7].[AIMatchScore] IS NOT NULL AND [a].[CandidateId] = [a7].[CandidateId]) AS [c6], (
        SELECT TOP(1) [u5].[LastName]
        FROM [Applications] AS [a8]
        INNER JOIN [Candidates] AS [c7] ON [a8].[CandidateId] = [c7].[Id]
        INNER JOIN [Users] AS [u5] ON [c7].[UserId] = [u5].[Id]
        WHERE [a8].[AIMatchScore] IS NOT NULL AND [a].[CandidateId] = [a8].[CandidateId]) AS [c7], MAX([a].[AIMatchScore]) AS [c8]
    FROM [Applications] AS [a]
    WHERE [a].[AIMatchScore] IS NOT NULL
    GROUP BY [a].[CandidateId]
    ORDER BY MAX([a].[AIMatchScore]) DESC
) AS [t]
OUTER APPLY (
    SELECT [s].[Name], [t1].[Id], [s].[Id] AS [Id0]
    FROM (
        SELECT TOP(3) [c8].[Id], [c8].[SkillId]
        FROM [CandidateSkills] AS [c8]
        WHERE (
            SELECT TOP(1) [c9].[Id]
            FROM [Applications] AS [a9]
            INNER JOIN [Candidates] AS [c9] ON [a9].[CandidateId] = [c9].[Id]
            WHERE [a9].[AIMatchScore] IS NOT NULL AND [t].[CandidateId] = [a9].[CandidateId]) IS NOT NULL AND (
            SELECT TOP(1) [c10].[Id]
            FROM [Applications] AS [a10]
            INNER JOIN [Candidates] AS [c10] ON [a10].[CandidateId] = [c10].[Id]
            WHERE [a10].[AIMatchScore] IS NOT NULL AND [t].[CandidateId] = [a10].[CandidateId]) = [c8].[CandidateId]
    ) AS [t1]
    INNER JOIN [Skills] AS [s] ON [t1].[SkillId] = [s].[Id]
) AS [t0]
ORDER BY [t].[c8] DESC, [t].[CandidateId], [t0].[Id]
2026-06-06 07:50:13.379 +05:30 [INF] Executed DbCommand (0ms) [Parameters=[@__p_0='?' (DbType = Int32)], CommandType='"Text"', CommandTimeout='30']
SELECT [t].[Id], [t].[AIEvaluation], [t].[AIMatchScore], [t].[AppliedAt], [t].[CandidateId], [t].[JobId], [t].[MissingSkills], [t].[RankPosition], [t].[RecruiterNotes], [t].[ResumeId], [t].[ReviewedAt], [t].[ReviewedByUserId], [t].[SkillGapAnalysis], [t].[SkillMatchPercentage], [t].[Status], [t].[UpdatedAt], [c].[Id], [c].[CreatedAt], [c].[CurrentCompany], [c].[CurrentJobTitle], [c].[GitHubUrl], [c].[GraduationYear], [c].[Headline], [c].[HighestEducation], [c].[IsAvailable], [c].[LinkedInUrl], [c].[Location], [c].[PortfolioUrl], [c].[Summary], [c].[TotalExperienceYears], [c].[University], [c].[UpdatedAt], [c].[UserId], [u].[Id], [u].[AccessFailedCount], [u].[ConcurrencyStamp], [u].[CreatedAt], [u].[Email], [u].[EmailConfirmed], [u].[FirstName], [u].[IsActive], [u].[LastName], [u].[LockoutEnabled], [u].[LockoutEnd], [u].[NormalizedEmail], [u].[NormalizedUserName], [u].[PasswordHash], [u].[PhoneNumber], [u].[PhoneNumberConfirmed], [u].[ProfileImagePath], [u].[SecurityStamp], [u].[TwoFactorEnabled], [u].[UpdatedAt], [u].[UserName], [j].[Id], [j].[Company], [j].[Department], [j].[Description], [j].[ExperienceYearsMax], [j].[ExperienceYearsMin], [j].[ExpiryDate], [j].[JobType], [j].[Location], [j].[PostedByUserId], [j].[PostedDate], [j].[Requirements], [j].[SalaryMax], [j].[SalaryMin], [j].[Status], [j].[Title], [j].[UpdatedAt]
FROM (
    SELECT TOP(@__p_0) [a].[Id], [a].[AIEvaluation], [a].[AIMatchScore], [a].[AppliedAt], [a].[CandidateId], [a].[JobId], [a].[MissingSkills], [a].[RankPosition], [a].[RecruiterNotes], [a].[ResumeId], [a].[ReviewedAt], [a].[ReviewedByUserId], [a].[SkillGapAnalysis], [a].[SkillMatchPercentage], [a].[Status], [a].[UpdatedAt]
    FROM [Applications] AS [a]
    ORDER BY [a].[AppliedAt] DESC
) AS [t]
INNER JOIN [Candidates] AS [c] ON [t].[CandidateId] = [c].[Id]
INNER JOIN [Users] AS [u] ON [c].[UserId] = [u].[Id]
INNER JOIN [Jobs] AS [j] ON [t].[JobId] = [j].[Id]
ORDER BY [t].[AppliedAt] DESC
2026-06-06 07:50:13.382 +05:30 [INF] Executed DbCommand (0ms) [Parameters=[@__p_0='?' (DbType = Int32)], CommandType='"Text"', CommandTimeout='30']
SELECT TOP(@__p_0) [j].[Id], [j].[Company], [j].[Department], [j].[Description], [j].[ExperienceYearsMax], [j].[ExperienceYearsMin], [j].[ExpiryDate], [j].[JobType], [j].[Location], [j].[PostedByUserId], [j].[PostedDate], [j].[Requirements], [j].[SalaryMax], [j].[SalaryMin], [j].[Status], [j].[Title], [j].[UpdatedAt]
FROM [Jobs] AS [j]
ORDER BY [j].[PostedDate] DESC
2026-06-06 07:50:13.385 +05:30 [INF] Executing ViewResult, running view Dashboard.
2026-06-06 07:50:13.387 +05:30 [INF] Executed DbCommand (0ms) [Parameters=[@__userId_0='?' (Size = 450)], CommandType='"Text"', CommandTimeout='30']
SELECT [r].[Name]
FROM [UserRoles] AS [u]
INNER JOIN [Roles] AS [r] ON [u].[RoleId] = [r].[Id]
WHERE [u].[UserId] = @__userId_0
2026-06-06 07:50:13.389 +05:30 [INF] Executed ViewResult - view Dashboard executed in 4.4124ms.
2026-06-06 07:50:13.390 +05:30 [INF] Executed action AIResumeScreeningSystem.Controllers.AdminController.Dashboard (AIResumeScreeningSystem) in 54.7727ms
2026-06-06 07:50:13.391 +05:30 [INF] Executed endpoint 'AIResumeScreeningSystem.Controllers.AdminController.Dashboard (AIResumeScreeningSystem)'
2026-06-06 07:50:13.393 +05:30 [INF] Request finished HTTP/2 GET https://localhost:7170/Admin/Dashboard - 200 null text/html; charset=utf-8 67.0437ms
2026-06-06 07:50:13.410 +05:30 [INF] Request starting HTTP/2 GET https://localhost:7170/_framework/aspnetcore-browser-refresh.js - null null
2026-06-06 07:50:13.412 +05:30 [INF] Request finished HTTP/2 GET https://localhost:7170/_framework/aspnetcore-browser-refresh.js - 200 14951 application/javascript; charset=utf-8 2.5068ms
2026-06-06 07:50:27.806 +05:30 [INF] Request starting HTTP/2 GET https://localhost:7170/Admin/Users?role=Candidate - null null
2026-06-06 07:50:27.810 +05:30 [INF] Executing endpoint 'AIResumeScreeningSystem.Controllers.AdminController.Users (AIResumeScreeningSystem)'
2026-06-06 07:50:27.812 +05:30 [INF] Route matched with {action = "Users", controller = "Admin"}. Executing controller action with signature System.Threading.Tasks.Task`1[Microsoft.AspNetCore.Mvc.IActionResult] Users(System.String, System.String, Int32) on controller AIResumeScreeningSystem.Controllers.AdminController (AIResumeScreeningSystem).
2026-06-06 07:50:27.820 +05:30 [INF] Executed DbCommand (5ms) [Parameters=[], CommandType='"Text"', CommandTimeout='30']
SELECT [u].[Id], [u].[AccessFailedCount], [u].[ConcurrencyStamp], [u].[CreatedAt], [u].[Email], [u].[EmailConfirmed], [u].[FirstName], [u].[IsActive], [u].[LastName], [u].[LockoutEnabled], [u].[LockoutEnd], [u].[NormalizedEmail], [u].[NormalizedUserName], [u].[PasswordHash], [u].[PhoneNumber], [u].[PhoneNumberConfirmed], [u].[ProfileImagePath], [u].[SecurityStamp], [u].[TwoFactorEnabled], [u].[UpdatedAt], [u].[UserName]
FROM [Users] AS [u]
ORDER BY [u].[CreatedAt] DESC
2026-06-06 07:50:27.826 +05:30 [INF] Executed DbCommand (3ms) [Parameters=[@__userId_0='?' (Size = 450)], CommandType='"Text"', CommandTimeout='30']
SELECT [r].[Name]
FROM [UserRoles] AS [u]
INNER JOIN [Roles] AS [r] ON [u].[RoleId] = [r].[Id]
WHERE [u].[UserId] = @__userId_0
2026-06-06 07:50:27.828 +05:30 [INF] Executed DbCommand (0ms) [Parameters=[@__userId_0='?' (Size = 450)], CommandType='"Text"', CommandTimeout='30']
SELECT [r].[Name]
FROM [UserRoles] AS [u]
INNER JOIN [Roles] AS [r] ON [u].[RoleId] = [r].[Id]
WHERE [u].[UserId] = @__userId_0
2026-06-06 07:50:27.831 +05:30 [INF] Executed DbCommand (0ms) [Parameters=[@__userId_0='?' (Size = 450)], CommandType='"Text"', CommandTimeout='30']
SELECT [r].[Name]
FROM [UserRoles] AS [u]
INNER JOIN [Roles] AS [r] ON [u].[RoleId] = [r].[Id]
WHERE [u].[UserId] = @__userId_0
2026-06-06 07:50:27.833 +05:30 [INF] Executing ViewResult, running view Users.
2026-06-06 07:50:27.836 +05:30 [INF] Executed DbCommand (0ms) [Parameters=[@__userId_0='?' (Size = 450)], CommandType='"Text"', CommandTimeout='30']
SELECT [r].[Name]
FROM [UserRoles] AS [u]
INNER JOIN [Roles] AS [r] ON [u].[RoleId] = [r].[Id]
WHERE [u].[UserId] = @__userId_0
2026-06-06 07:50:27.839 +05:30 [INF] Executed ViewResult - view Users executed in 5.4085ms.
2026-06-06 07:50:27.840 +05:30 [INF] Executed action AIResumeScreeningSystem.Controllers.AdminController.Users (AIResumeScreeningSystem) in 26.488ms
2026-06-06 07:50:27.842 +05:30 [INF] Executed endpoint 'AIResumeScreeningSystem.Controllers.AdminController.Users (AIResumeScreeningSystem)'
2026-06-06 07:50:27.843 +05:30 [INF] Request finished HTTP/2 GET https://localhost:7170/Admin/Users?role=Candidate - 200 null text/html; charset=utf-8 37.5219ms
2026-06-06 07:50:27.864 +05:30 [INF] Request starting HTTP/2 GET https://localhost:7170/_vs/browserLink - null null
2026-06-06 07:50:27.866 +05:30 [INF] Request starting HTTP/2 GET https://localhost:7170/_framework/aspnetcore-browser-refresh.js - null null
2026-06-06 07:50:27.870 +05:30 [INF] Request finished HTTP/2 GET https://localhost:7170/_framework/aspnetcore-browser-refresh.js - 200 14951 application/javascript; charset=utf-8 3.7183ms
2026-06-06 07:50:27.871 +05:30 [INF] Request finished HTTP/2 GET https://localhost:7170/_vs/browserLink - 200 null text/javascript; charset=UTF-8 6.305ms
2026-06-06 07:50:32.414 +05:30 [INF] Request starting HTTP/2 GET https://localhost:7170/Admin/Dashboard - null null
2026-06-06 07:50:32.420 +05:30 [INF] Executing endpoint 'AIResumeScreeningSystem.Controllers.AdminController.Dashboard (AIResumeScreeningSystem)'
2026-06-06 07:50:32.421 +05:30 [INF] Route matched with {action = "Dashboard", controller = "Admin"}. Executing controller action with signature System.Threading.Tasks.Task`1[Microsoft.AspNetCore.Mvc.IActionResult] Dashboard() on controller AIResumeScreeningSystem.Controllers.AdminController (AIResumeScreeningSystem).
2026-06-06 07:50:32.425 +05:30 [INF] Executed DbCommand (1ms) [Parameters=[], CommandType='"Text"', CommandTimeout='30']
SELECT [u].[Id], [u].[AccessFailedCount], [u].[ConcurrencyStamp], [u].[CreatedAt], [u].[Email], [u].[EmailConfirmed], [u].[FirstName], [u].[IsActive], [u].[LastName], [u].[LockoutEnabled], [u].[LockoutEnd], [u].[NormalizedEmail], [u].[NormalizedUserName], [u].[PasswordHash], [u].[PhoneNumber], [u].[PhoneNumberConfirmed], [u].[ProfileImagePath], [u].[SecurityStamp], [u].[TwoFactorEnabled], [u].[UpdatedAt], [u].[UserName]
FROM [Users] AS [u]
2026-06-06 07:50:32.428 +05:30 [INF] Executed DbCommand (1ms) [Parameters=[], CommandType='"Text"', CommandTimeout='30']
SELECT TOP(1) [r].[Id], [r].[ConcurrencyStamp], [r].[Name], [r].[NormalizedName]
FROM [Roles] AS [r]
WHERE [r].[Name] = N'Candidate'
2026-06-06 07:50:32.431 +05:30 [INF] Executed DbCommand (1ms) [Parameters=[], CommandType='"Text"', CommandTimeout='30']
SELECT TOP(1) [r].[Id], [r].[ConcurrencyStamp], [r].[Name], [r].[NormalizedName]
FROM [Roles] AS [r]
WHERE [r].[Name] = N'Recruiter'
2026-06-06 07:50:32.435 +05:30 [INF] Executed DbCommand (2ms) [Parameters=[@__candidateRole_Id_0='?' (Size = 450)], CommandType='"Text"', CommandTimeout='30']
SELECT COUNT(*)
FROM [UserRoles] AS [u]
WHERE [u].[RoleId] = @__candidateRole_Id_0
2026-06-06 07:50:32.439 +05:30 [INF] Executed DbCommand (1ms) [Parameters=[@__recruiterRole_Id_0='?' (Size = 450)], CommandType='"Text"', CommandTimeout='30']
SELECT COUNT(*)
FROM [UserRoles] AS [u]
WHERE [u].[RoleId] = @__recruiterRole_Id_0
2026-06-06 07:50:32.442 +05:30 [INF] Executed DbCommand (1ms) [Parameters=[], CommandType='"Text"', CommandTimeout='30']
SELECT [j].[Id], [j].[Company], [j].[Department], [j].[Description], [j].[ExperienceYearsMax], [j].[ExperienceYearsMin], [j].[ExpiryDate], [j].[JobType], [j].[Location], [j].[PostedByUserId], [j].[PostedDate], [j].[Requirements], [j].[SalaryMax], [j].[SalaryMin], [j].[Status], [j].[Title], [j].[UpdatedAt]
FROM [Jobs] AS [j]
2026-06-06 07:50:32.445 +05:30 [INF] Executed DbCommand (1ms) [Parameters=[], CommandType='"Text"', CommandTimeout='30']
SELECT [a].[Id], [a].[AIEvaluation], [a].[AIMatchScore], [a].[AppliedAt], [a].[CandidateId], [a].[JobId], [a].[MissingSkills], [a].[RankPosition], [a].[RecruiterNotes], [a].[ResumeId], [a].[ReviewedAt], [a].[ReviewedByUserId], [a].[SkillGapAnalysis], [a].[SkillMatchPercentage], [a].[Status], [a].[UpdatedAt]
FROM [Applications] AS [a]
2026-06-06 07:50:32.448 +05:30 [INF] Executed DbCommand (1ms) [Parameters=[], CommandType='"Text"', CommandTimeout='30']
SELECT [r].[Id], [r].[CandidateId], [r].[FileExtension], [r].[FileName], [r].[FilePath], [r].[FileSizeBytes], [r].[IsActive], [r].[ParsedAt], [r].[ParsedEducation], [r].[ParsedEmail], [r].[ParsedExperience], [r].[ParsedName], [r].[ParsedPhone], [r].[ParsedSkills], [r].[ParsedSummary], [r].[RawText], [r].[Status], [r].[UploadedAt]
FROM [Resumes] AS [r]
2026-06-06 07:50:32.453 +05:30 [INF] Executed DbCommand (2ms) [Parameters=[], CommandType='"Text"', CommandTimeout='30']
SELECT COUNT(*)
FROM [InterviewQuestions] AS [i]
2026-06-06 07:50:32.456 +05:30 [INF] Executed DbCommand (1ms) [Parameters=[@__start_0='?' (DbType = DateTime2), @__end_1='?' (DbType = DateTime2)], CommandType='"Text"', CommandTimeout='30']
SELECT COUNT(*)
FROM [Applications] AS [a]
WHERE [a].[AppliedAt] >= @__start_0 AND [a].[AppliedAt] < @__end_1
2026-06-06 07:50:32.459 +05:30 [INF] Executed DbCommand (0ms) [Parameters=[@__start_0='?' (DbType = DateTime2), @__end_1='?' (DbType = DateTime2)], CommandType='"Text"', CommandTimeout='30']
SELECT COUNT(*)
FROM [Applications] AS [a]
WHERE [a].[AppliedAt] >= @__start_0 AND [a].[AppliedAt] < @__end_1
2026-06-06 07:50:32.461 +05:30 [INF] Executed DbCommand (0ms) [Parameters=[@__start_0='?' (DbType = DateTime2), @__end_1='?' (DbType = DateTime2)], CommandType='"Text"', CommandTimeout='30']
SELECT COUNT(*)
FROM [Applications] AS [a]
WHERE [a].[AppliedAt] >= @__start_0 AND [a].[AppliedAt] < @__end_1
2026-06-06 07:50:32.463 +05:30 [INF] Executed DbCommand (0ms) [Parameters=[@__start_0='?' (DbType = DateTime2), @__end_1='?' (DbType = DateTime2)], CommandType='"Text"', CommandTimeout='30']
SELECT COUNT(*)
FROM [Applications] AS [a]
WHERE [a].[AppliedAt] >= @__start_0 AND [a].[AppliedAt] < @__end_1
2026-06-06 07:50:32.465 +05:30 [INF] Executed DbCommand (0ms) [Parameters=[@__start_0='?' (DbType = DateTime2), @__end_1='?' (DbType = DateTime2)], CommandType='"Text"', CommandTimeout='30']
SELECT COUNT(*)
FROM [Applications] AS [a]
WHERE [a].[AppliedAt] >= @__start_0 AND [a].[AppliedAt] < @__end_1
2026-06-06 07:50:32.476 +05:30 [INF] Executed DbCommand (8ms) [Parameters=[@__start_0='?' (DbType = DateTime2), @__end_1='?' (DbType = DateTime2)], CommandType='"Text"', CommandTimeout='30']
SELECT COUNT(*)
FROM [Applications] AS [a]
WHERE [a].[AppliedAt] >= @__start_0 AND [a].[AppliedAt] < @__end_1
2026-06-06 07:50:32.483 +05:30 [INF] Executed DbCommand (5ms) [Parameters=[@__p_0='?' (DbType = Int32)], CommandType='"Text"', CommandTimeout='30']
SELECT TOP(@__p_0) [s].[Name], COUNT(*) AS [Count]
FROM [CandidateSkills] AS [c]
INNER JOIN [Skills] AS [s] ON [c].[SkillId] = [s].[Id]
GROUP BY [s].[Name]
ORDER BY COUNT(*) DESC
2026-06-06 07:50:32.510 +05:30 [INF] Executed DbCommand (23ms) [Parameters=[@__p_0='?' (DbType = Int32)], CommandType='"Text"', CommandTimeout='30']
SELECT TOP(@__p_0) [j].[Id], [j].[Title], [j].[Company], (
    SELECT COUNT(*)
    FROM [Applications] AS [a0]
    WHERE [j].[Id] = [a0].[JobId]), CASE
    WHEN EXISTS (
        SELECT 1
        FROM [Applications] AS [a1]
        WHERE [j].[Id] = [a1].[JobId] AND [a1].[AIMatchScore] IS NOT NULL) THEN (
        SELECT AVG([a2].[AIMatchScore])
        FROM [Applications] AS [a2]
        WHERE [j].[Id] = [a2].[JobId] AND [a2].[AIMatchScore] IS NOT NULL)
    ELSE 0.0
END, (
    SELECT COUNT(*)
    FROM [Applications] AS [a3]
    WHERE [j].[Id] = [a3].[JobId] AND [a3].[Status] = 2), [j].[Status]
FROM [Jobs] AS [j]
ORDER BY (
    SELECT COUNT(*)
    FROM [Applications] AS [a]
    WHERE [j].[Id] = [a].[JobId]) DESC
2026-06-06 07:50:32.622 +05:30 [INF] Executed DbCommand (110ms) [Parameters=[@__p_0='?' (DbType = Int32)], CommandType='"Text"', CommandTimeout='30']
SELECT [t].[CandidateId], [t].[c], [t].[c0], [t].[c1], [t].[c2], [t].[c3], [t].[c4], [t].[c5], [t].[c6], [t].[c7], [t0].[Name], [t0].[Id], [t0].[Id0]
FROM (
    SELECT TOP(@__p_0) [a].[CandidateId], COALESCE((
        SELECT TOP(1) [u].[FirstName]
        FROM [Applications] AS [a0]
        INNER JOIN [Candidates] AS [c] ON [a0].[CandidateId] = [c].[Id]
        INNER JOIN [Users] AS [u] ON [c].[UserId] = [u].[Id]
        WHERE [a0].[AIMatchScore] IS NOT NULL AND [a].[CandidateId] = [a0].[CandidateId]), N'') + N' ' + COALESCE((
        SELECT TOP(1) [u0].[LastName]
        FROM [Applications] AS [a1]
        INNER JOIN [Candidates] AS [c0] ON [a1].[CandidateId] = [c0].[Id]
        INNER JOIN [Users] AS [u0] ON [c0].[UserId] = [u0].[Id]
        WHERE [a1].[AIMatchScore] IS NOT NULL AND [a].[CandidateId] = [a1].[CandidateId]), N'') AS [c], (
        SELECT TOP(1) [c1].[Headline]
        FROM [Applications] AS [a2]
        INNER JOIN [Candidates] AS [c1] ON [a2].[CandidateId] = [c1].[Id]
        WHERE [a2].[AIMatchScore] IS NOT NULL AND [a].[CandidateId] = [a2].[CandidateId]) AS [c0], MAX(COALESCE([a].[AIMatchScore], 0.0)) AS [c1], COUNT(*) AS [c2], (
        SELECT TOP(1) [c2].[Location]
        FROM [Applications] AS [a3]
        INNER JOIN [Candidates] AS [c2] ON [a3].[CandidateId] = [c2].[Id]
        WHERE [a3].[AIMatchScore] IS NOT NULL AND [a].[CandidateId] = [a3].[CandidateId]) AS [c3], (
        SELECT TOP(1) [u1].[ProfileImagePath]
        FROM [Applications] AS [a4]
        INNER JOIN [Candidates] AS [c3] ON [a4].[CandidateId] = [c3].[Id]
        INNER JOIN [Users] AS [u1] ON [c3].[UserId] = [u1].[Id]
        WHERE [a4].[AIMatchScore] IS NOT NULL AND [a].[CandidateId] = [a4].[CandidateId]) AS [c4], CASE
        WHEN CAST(LEN(COALESCE((
            SELECT TOP(1) [u2].[FirstName]
            FROM [Applications] AS [a5]
            INNER JOIN [Candidates] AS [c4] ON [a5].[CandidateId] = [c4].[Id]
            INNER JOIN [Users] AS [u2] ON [c4].[UserId] = [u2].[Id]
            WHERE [a5].[AIMatchScore] IS NOT NULL AND [a].[CandidateId] = [a5].[CandidateId]), N'') + N' ' + COALESCE((
            SELECT TOP(1) [u3].[LastName]
            FROM [Applications] AS [a6]
            INNER JOIN [Candidates] AS [c5] ON [a6].[CandidateId] = [c5].[Id]
            INNER JOIN [Users] AS [u3] ON [c5].[UserId] = [u3].[Id]
            WHERE [a6].[AIMatchScore] IS NOT NULL AND [a].[CandidateId] = [a6].[CandidateId]), N'')) AS int) >= 2 THEN CAST(1 AS bit)
        ELSE CAST(0 AS bit)
    END AS [c5], (
        SELECT TOP(1) [u4].[FirstName]
        FROM [Applications] AS [a7]
        INNER JOIN [Candidates] AS [c6] ON [a7].[CandidateId] = [c6].[Id]
        INNER JOIN [Users] AS [u4] ON [c6].[UserId] = [u4].[Id]
        WHERE [a7].[AIMatchScore] IS NOT NULL AND [a].[CandidateId] = [a7].[CandidateId]) AS [c6], (
        SELECT TOP(1) [u5].[LastName]
        FROM [Applications] AS [a8]
        INNER JOIN [Candidates] AS [c7] ON [a8].[CandidateId] = [c7].[Id]
        INNER JOIN [Users] AS [u5] ON [c7].[UserId] = [u5].[Id]
        WHERE [a8].[AIMatchScore] IS NOT NULL AND [a].[CandidateId] = [a8].[CandidateId]) AS [c7], MAX([a].[AIMatchScore]) AS [c8]
    FROM [Applications] AS [a]
    WHERE [a].[AIMatchScore] IS NOT NULL
    GROUP BY [a].[CandidateId]
    ORDER BY MAX([a].[AIMatchScore]) DESC
) AS [t]
OUTER APPLY (
    SELECT [s].[Name], [t1].[Id], [s].[Id] AS [Id0]
    FROM (
        SELECT TOP(3) [c8].[Id], [c8].[SkillId]
        FROM [CandidateSkills] AS [c8]
        WHERE (
            SELECT TOP(1) [c9].[Id]
            FROM [Applications] AS [a9]
            INNER JOIN [Candidates] AS [c9] ON [a9].[CandidateId] = [c9].[Id]
            WHERE [a9].[AIMatchScore] IS NOT NULL AND [t].[CandidateId] = [a9].[CandidateId]) IS NOT NULL AND (
            SELECT TOP(1) [c10].[Id]
            FROM [Applications] AS [a10]
            INNER JOIN [Candidates] AS [c10] ON [a10].[CandidateId] = [c10].[Id]
            WHERE [a10].[AIMatchScore] IS NOT NULL AND [t].[CandidateId] = [a10].[CandidateId]) = [c8].[CandidateId]
    ) AS [t1]
    INNER JOIN [Skills] AS [s] ON [t1].[SkillId] = [s].[Id]
) AS [t0]
ORDER BY [t].[c8] DESC, [t].[CandidateId], [t0].[Id]
2026-06-06 07:50:32.632 +05:30 [INF] Executed DbCommand (7ms) [Parameters=[@__p_0='?' (DbType = Int32)], CommandType='"Text"', CommandTimeout='30']
SELECT [t].[Id], [t].[AIEvaluation], [t].[AIMatchScore], [t].[AppliedAt], [t].[CandidateId], [t].[JobId], [t].[MissingSkills], [t].[RankPosition], [t].[RecruiterNotes], [t].[ResumeId], [t].[ReviewedAt], [t].[ReviewedByUserId], [t].[SkillGapAnalysis], [t].[SkillMatchPercentage], [t].[Status], [t].[UpdatedAt], [c].[Id], [c].[CreatedAt], [c].[CurrentCompany], [c].[CurrentJobTitle], [c].[GitHubUrl], [c].[GraduationYear], [c].[Headline], [c].[HighestEducation], [c].[IsAvailable], [c].[LinkedInUrl], [c].[Location], [c].[PortfolioUrl], [c].[Summary], [c].[TotalExperienceYears], [c].[University], [c].[UpdatedAt], [c].[UserId], [u].[Id], [u].[AccessFailedCount], [u].[ConcurrencyStamp], [u].[CreatedAt], [u].[Email], [u].[EmailConfirmed], [u].[FirstName], [u].[IsActive], [u].[LastName], [u].[LockoutEnabled], [u].[LockoutEnd], [u].[NormalizedEmail], [u].[NormalizedUserName], [u].[PasswordHash], [u].[PhoneNumber], [u].[PhoneNumberConfirmed], [u].[ProfileImagePath], [u].[SecurityStamp], [u].[TwoFactorEnabled], [u].[UpdatedAt], [u].[UserName], [j].[Id], [j].[Company], [j].[Department], [j].[Description], [j].[ExperienceYearsMax], [j].[ExperienceYearsMin], [j].[ExpiryDate], [j].[JobType], [j].[Location], [j].[PostedByUserId], [j].[PostedDate], [j].[Requirements], [j].[SalaryMax], [j].[SalaryMin], [j].[Status], [j].[Title], [j].[UpdatedAt]
FROM (
    SELECT TOP(@__p_0) [a].[Id], [a].[AIEvaluation], [a].[AIMatchScore], [a].[AppliedAt], [a].[CandidateId], [a].[JobId], [a].[MissingSkills], [a].[RankPosition], [a].[RecruiterNotes], [a].[ResumeId], [a].[ReviewedAt], [a].[ReviewedByUserId], [a].[SkillGapAnalysis], [a].[SkillMatchPercentage], [a].[Status], [a].[UpdatedAt]
    FROM [Applications] AS [a]
    ORDER BY [a].[AppliedAt] DESC
) AS [t]
INNER JOIN [Candidates] AS [c] ON [t].[CandidateId] = [c].[Id]
INNER JOIN [Users] AS [u] ON [c].[UserId] = [u].[Id]
INNER JOIN [Jobs] AS [j] ON [t].[JobId] = [j].[Id]
ORDER BY [t].[AppliedAt] DESC
2026-06-06 07:50:32.637 +05:30 [INF] Executed DbCommand (2ms) [Parameters=[@__p_0='?' (DbType = Int32)], CommandType='"Text"', CommandTimeout='30']
SELECT TOP(@__p_0) [j].[Id], [j].[Company], [j].[Department], [j].[Description], [j].[ExperienceYearsMax], [j].[ExperienceYearsMin], [j].[ExpiryDate], [j].[JobType], [j].[Location], [j].[PostedByUserId], [j].[PostedDate], [j].[Requirements], [j].[SalaryMax], [j].[SalaryMin], [j].[Status], [j].[Title], [j].[UpdatedAt]
FROM [Jobs] AS [j]
ORDER BY [j].[PostedDate] DESC
2026-06-06 07:50:32.640 +05:30 [INF] Executing ViewResult, running view Dashboard.
2026-06-06 07:50:32.642 +05:30 [INF] Executed DbCommand (0ms) [Parameters=[@__userId_0='?' (Size = 450)], CommandType='"Text"', CommandTimeout='30']
SELECT [r].[Name]
FROM [UserRoles] AS [u]
INNER JOIN [Roles] AS [r] ON [u].[RoleId] = [r].[Id]
WHERE [u].[UserId] = @__userId_0
2026-06-06 07:50:32.644 +05:30 [INF] Executed ViewResult - view Dashboard executed in 4.674ms.
2026-06-06 07:50:32.646 +05:30 [INF] Executed action AIResumeScreeningSystem.Controllers.AdminController.Dashboard (AIResumeScreeningSystem) in 223.0139ms
2026-06-06 07:50:32.647 +05:30 [INF] Executed endpoint 'AIResumeScreeningSystem.Controllers.AdminController.Dashboard (AIResumeScreeningSystem)'
2026-06-06 07:50:32.651 +05:30 [INF] Request finished HTTP/2 GET https://localhost:7170/Admin/Dashboard - 200 null text/html; charset=utf-8 237.5854ms
2026-06-06 07:50:32.666 +05:30 [INF] Request starting HTTP/2 GET https://localhost:7170/_framework/aspnetcore-browser-refresh.js - null null
2026-06-06 07:50:32.670 +05:30 [INF] Request finished HTTP/2 GET https://localhost:7170/_framework/aspnetcore-browser-refresh.js - 200 14951 application/javascript; charset=utf-8 3.6095ms
2026-06-06 07:50:59.526 +05:30 [INF] Request starting HTTP/2 POST https://localhost:7170/Account/Logout - application/x-www-form-urlencoded 225
2026-06-06 07:50:59.530 +05:30 [INF] Executing endpoint 'AIResumeScreeningSystem.Controllers.AccountController.Logout (AIResumeScreeningSystem)'
2026-06-06 07:50:59.535 +05:30 [INF] Route matched with {action = "Logout", controller = "Account"}. Executing controller action with signature System.Threading.Tasks.Task`1[Microsoft.AspNetCore.Mvc.IActionResult] Logout() on controller AIResumeScreeningSystem.Controllers.AccountController (AIResumeScreeningSystem).
2026-06-06 07:50:59.539 +05:30 [INF] AuthenticationScheme: Identity.Application signed out.
2026-06-06 07:50:59.541 +05:30 [INF] AuthenticationScheme: Identity.External signed out.
2026-06-06 07:50:59.542 +05:30 [INF] AuthenticationScheme: Identity.TwoFactorUserId signed out.
2026-06-06 07:50:59.542 +05:30 [INF] User logged out.
2026-06-06 07:50:59.543 +05:30 [INF] Executing RedirectResult, redirecting to /Account/Login.
2026-06-06 07:50:59.544 +05:30 [INF] Executed action AIResumeScreeningSystem.Controllers.AccountController.Logout (AIResumeScreeningSystem) in 7.0125ms
2026-06-06 07:50:59.545 +05:30 [INF] Executed endpoint 'AIResumeScreeningSystem.Controllers.AccountController.Logout (AIResumeScreeningSystem)'
2026-06-06 07:50:59.546 +05:30 [INF] Request finished HTTP/2 POST https://localhost:7170/Account/Logout - 302 null null 20.2819ms
2026-06-06 07:50:59.548 +05:30 [INF] Request starting HTTP/2 GET https://localhost:7170/Account/Login - null null
2026-06-06 07:50:59.552 +05:30 [INF] Executing endpoint 'AIResumeScreeningSystem.Controllers.AccountController.Login (AIResumeScreeningSystem)'
2026-06-06 07:50:59.553 +05:30 [INF] Route matched with {action = "Login", controller = "Account"}. Executing controller action with signature Microsoft.AspNetCore.Mvc.IActionResult Login(System.String) on controller AIResumeScreeningSystem.Controllers.AccountController (AIResumeScreeningSystem).
2026-06-06 07:50:59.555 +05:30 [INF] Executing ViewResult, running view Login.
2026-06-06 07:50:59.557 +05:30 [INF] Executed ViewResult - view Login executed in 1.9624ms.
2026-06-06 07:50:59.558 +05:30 [INF] Executed action AIResumeScreeningSystem.Controllers.AccountController.Login (AIResumeScreeningSystem) in 3.5654ms
2026-06-06 07:50:59.559 +05:30 [INF] Executed endpoint 'AIResumeScreeningSystem.Controllers.AccountController.Login (AIResumeScreeningSystem)'
2026-06-06 07:50:59.560 +05:30 [INF] Request finished HTTP/2 GET https://localhost:7170/Account/Login - 200 null text/html; charset=utf-8 11.9019ms
2026-06-06 07:50:59.580 +05:30 [INF] Request starting HTTP/2 GET https://localhost:7170/_vs/browserLink - null null
2026-06-06 07:50:59.581 +05:30 [INF] Request starting HTTP/2 GET https://localhost:7170/_framework/aspnetcore-browser-refresh.js - null null
2026-06-06 07:50:59.587 +05:30 [INF] Request finished HTTP/2 GET https://localhost:7170/_framework/aspnetcore-browser-refresh.js - 200 14951 application/javascript; charset=utf-8 6.0574ms
2026-06-06 07:50:59.587 +05:30 [INF] Request finished HTTP/2 GET https://localhost:7170/_vs/browserLink - 200 null text/javascript; charset=UTF-8 6.9466ms
2026-06-06 07:51:58.501 +05:30 [INF] Request starting HTTP/2 GET https://localhost:7170/Account/Login - null null
2026-06-06 07:51:58.506 +05:30 [INF] Executing endpoint 'AIResumeScreeningSystem.Controllers.AccountController.Login (AIResumeScreeningSystem)'
2026-06-06 07:51:58.507 +05:30 [INF] Route matched with {action = "Login", controller = "Account"}. Executing controller action with signature Microsoft.AspNetCore.Mvc.IActionResult Login(System.String) on controller AIResumeScreeningSystem.Controllers.AccountController (AIResumeScreeningSystem).
2026-06-06 07:51:58.509 +05:30 [INF] Executing ViewResult, running view Login.
2026-06-06 07:51:58.512 +05:30 [INF] Executed ViewResult - view Login executed in 3.0942ms.
2026-06-06 07:51:58.514 +05:30 [INF] Executed action AIResumeScreeningSystem.Controllers.AccountController.Login (AIResumeScreeningSystem) in 5.4897ms
2026-06-06 07:51:58.516 +05:30 [INF] Executed endpoint 'AIResumeScreeningSystem.Controllers.AccountController.Login (AIResumeScreeningSystem)'
2026-06-06 07:51:58.518 +05:30 [INF] Request finished HTTP/2 GET https://localhost:7170/Account/Login - 200 null text/html; charset=utf-8 16.3389ms
2026-06-06 07:51:58.539 +05:30 [INF] Request starting HTTP/2 GET https://localhost:7170/_framework/aspnetcore-browser-refresh.js - null null
2026-06-06 07:51:58.539 +05:30 [INF] Request starting HTTP/2 GET https://localhost:7170/_vs/browserLink - null null
2026-06-06 07:51:58.542 +05:30 [INF] Request finished HTTP/2 GET https://localhost:7170/_framework/aspnetcore-browser-refresh.js - 200 14951 application/javascript; charset=utf-8 2.7179ms
2026-06-06 07:51:58.549 +05:30 [INF] Request finished HTTP/2 GET https://localhost:7170/_vs/browserLink - 200 null text/javascript; charset=UTF-8 9.715ms
2026-06-06 07:52:01.069 +05:30 [INF] Request starting HTTP/2 GET https://localhost:7170/Account/Register - null null
2026-06-06 07:52:01.073 +05:30 [INF] Executing endpoint 'AIResumeScreeningSystem.Controllers.AccountController.Register (AIResumeScreeningSystem)'
2026-06-06 07:52:01.076 +05:30 [INF] Route matched with {action = "Register", controller = "Account"}. Executing controller action with signature Microsoft.AspNetCore.Mvc.IActionResult Register() on controller AIResumeScreeningSystem.Controllers.AccountController (AIResumeScreeningSystem).
2026-06-06 07:52:01.078 +05:30 [INF] Executing ViewResult, running view Register.
2026-06-06 07:52:01.120 +05:30 [INF] Executed ViewResult - view Register executed in 42.0068ms.
2026-06-06 07:52:01.121 +05:30 [INF] Executed action AIResumeScreeningSystem.Controllers.AccountController.Register (AIResumeScreeningSystem) in 43.8278ms
2026-06-06 07:52:01.122 +05:30 [INF] Executed endpoint 'AIResumeScreeningSystem.Controllers.AccountController.Register (AIResumeScreeningSystem)'
2026-06-06 07:52:01.124 +05:30 [INF] Request finished HTTP/2 GET https://localhost:7170/Account/Register - 200 null text/html; charset=utf-8 54.582ms
2026-06-06 07:52:01.140 +05:30 [INF] Request starting HTTP/2 GET https://localhost:7170/_framework/aspnetcore-browser-refresh.js - null null
2026-06-06 07:52:01.140 +05:30 [INF] Request starting HTTP/2 GET https://localhost:7170/_vs/browserLink - null null
2026-06-06 07:52:01.143 +05:30 [INF] Request finished HTTP/2 GET https://localhost:7170/_framework/aspnetcore-browser-refresh.js - 200 14951 application/javascript; charset=utf-8 2.8359ms
2026-06-06 07:52:01.148 +05:30 [INF] Request finished HTTP/2 GET https://localhost:7170/_vs/browserLink - 200 null text/javascript; charset=UTF-8 7.4212ms
2026-06-06 07:52:19.170 +05:30 [INF] Request starting HTTP/2 GET https://localhost:7170/Account/Register - null null
2026-06-06 07:52:19.176 +05:30 [INF] Executing endpoint 'AIResumeScreeningSystem.Controllers.AccountController.Register (AIResumeScreeningSystem)'
2026-06-06 07:52:19.177 +05:30 [INF] Route matched with {action = "Register", controller = "Account"}. Executing controller action with signature Microsoft.AspNetCore.Mvc.IActionResult Register() on controller AIResumeScreeningSystem.Controllers.AccountController (AIResumeScreeningSystem).
2026-06-06 07:52:19.179 +05:30 [INF] Executing ViewResult, running view Register.
2026-06-06 07:52:19.182 +05:30 [INF] Executed ViewResult - view Register executed in 3.5833ms.
2026-06-06 07:52:19.184 +05:30 [INF] Executed action AIResumeScreeningSystem.Controllers.AccountController.Register (AIResumeScreeningSystem) in 5.4391ms
2026-06-06 07:52:19.185 +05:30 [INF] Executed endpoint 'AIResumeScreeningSystem.Controllers.AccountController.Register (AIResumeScreeningSystem)'
2026-06-06 07:52:19.187 +05:30 [INF] Request finished HTTP/2 GET https://localhost:7170/Account/Register - 200 null text/html; charset=utf-8 16.5952ms
2026-06-06 07:52:19.209 +05:30 [INF] Request starting HTTP/2 GET https://localhost:7170/_framework/aspnetcore-browser-refresh.js - null null
2026-06-06 07:52:19.209 +05:30 [INF] Request starting HTTP/2 GET https://localhost:7170/_vs/browserLink - null null
2026-06-06 07:52:19.212 +05:30 [INF] Request finished HTTP/2 GET https://localhost:7170/_framework/aspnetcore-browser-refresh.js - 200 14951 application/javascript; charset=utf-8 2.9495ms
2026-06-06 07:52:19.222 +05:30 [INF] Request finished HTTP/2 GET https://localhost:7170/_vs/browserLink - 200 null text/javascript; charset=UTF-8 13.091ms
2026-06-06 07:52:19.237 +05:30 [INF] Request starting HTTP/2 GET https://localhost:7170/favicon.ico - null null
2026-06-06 07:52:19.240 +05:30 [INF] The file /favicon.ico was not modified
2026-06-06 07:52:19.241 +05:30 [INF] Request finished HTTP/2 GET https://localhost:7170/favicon.ico - 304 null image/x-icon 4.143ms
2026-06-06 07:53:36.561 +05:30 [INF] Request starting HTTP/2 POST https://localhost:7170/Account/Register - application/x-www-form-urlencoded 349
2026-06-06 07:53:36.567 +05:30 [INF] Executing endpoint 'AIResumeScreeningSystem.Controllers.AccountController.Register (AIResumeScreeningSystem)'
2026-06-06 07:53:36.575 +05:30 [INF] Route matched with {action = "Register", controller = "Account"}. Executing controller action with signature System.Threading.Tasks.Task`1[Microsoft.AspNetCore.Mvc.IActionResult] Register(AIResumeScreeningSystem.ViewModels.Account.RegisterViewModel) on controller AIResumeScreeningSystem.Controllers.AccountController (AIResumeScreeningSystem).
2026-06-06 07:53:36.590 +05:30 [INF] Executing ViewResult, running view Register.
2026-06-06 07:53:36.594 +05:30 [INF] Executed ViewResult - view Register executed in 3.4188ms.
2026-06-06 07:53:36.595 +05:30 [INF] Executed action AIResumeScreeningSystem.Controllers.AccountController.Register (AIResumeScreeningSystem) in 18.8722ms
2026-06-06 07:53:36.597 +05:30 [INF] Executed endpoint 'AIResumeScreeningSystem.Controllers.AccountController.Register (AIResumeScreeningSystem)'
2026-06-06 07:53:36.598 +05:30 [INF] Request finished HTTP/2 POST https://localhost:7170/Account/Register - 200 null text/html; charset=utf-8 36.8886ms
2026-06-06 07:53:36.614 +05:30 [INF] Request starting HTTP/2 GET https://localhost:7170/_framework/aspnetcore-browser-refresh.js - null null
2026-06-06 07:53:36.614 +05:30 [INF] Request starting HTTP/2 GET https://localhost:7170/_vs/browserLink - null null
2026-06-06 07:53:36.618 +05:30 [INF] Request finished HTTP/2 GET https://localhost:7170/_framework/aspnetcore-browser-refresh.js - 200 14951 application/javascript; charset=utf-8 3.2074ms
2026-06-06 07:53:36.625 +05:30 [INF] Request finished HTTP/2 GET https://localhost:7170/_vs/browserLink - 200 null text/javascript; charset=UTF-8 10.8221ms
2026-06-06 07:59:57.535 +05:30 [INF] Request starting HTTP/2 POST https://localhost:7170/Account/Register - application/x-www-form-urlencoded 349
2026-06-06 07:59:57.550 +05:30 [INF] Executing endpoint 'AIResumeScreeningSystem.Controllers.AccountController.Register (AIResumeScreeningSystem)'
2026-06-06 07:59:57.566 +05:30 [INF] Route matched with {action = "Register", controller = "Account"}. Executing controller action with signature System.Threading.Tasks.Task`1[Microsoft.AspNetCore.Mvc.IActionResult] Register(AIResumeScreeningSystem.ViewModels.Account.RegisterViewModel) on controller AIResumeScreeningSystem.Controllers.AccountController (AIResumeScreeningSystem).
2026-06-06 07:59:57.582 +05:30 [INF] Executing ViewResult, running view Register.
2026-06-06 07:59:57.605 +05:30 [INF] Executed ViewResult - view Register executed in 26.6028ms.
2026-06-06 07:59:57.609 +05:30 [INF] Executed action AIResumeScreeningSystem.Controllers.AccountController.Register (AIResumeScreeningSystem) in 35.2593ms
2026-06-06 07:59:57.612 +05:30 [INF] Executed endpoint 'AIResumeScreeningSystem.Controllers.AccountController.Register (AIResumeScreeningSystem)'
2026-06-06 07:59:57.615 +05:30 [INF] Request finished HTTP/2 POST https://localhost:7170/Account/Register - 200 null text/html; charset=utf-8 79.5374ms
2026-06-06 07:59:57.665 +05:30 [INF] Request starting HTTP/2 GET https://localhost:7170/_framework/aspnetcore-browser-refresh.js - null null
2026-06-06 07:59:57.665 +05:30 [INF] Request starting HTTP/2 GET https://localhost:7170/_vs/browserLink - null null
2026-06-06 07:59:57.673 +05:30 [INF] Request finished HTTP/2 GET https://localhost:7170/_framework/aspnetcore-browser-refresh.js - 200 14951 application/javascript; charset=utf-8 8.7307ms
2026-06-06 07:59:57.686 +05:30 [INF] Request finished HTTP/2 GET https://localhost:7170/_vs/browserLink - 200 null text/javascript; charset=UTF-8 21.3004ms
2026-06-06 08:00:14.126 +05:30 [INF] Request starting HTTP/2 POST https://localhost:7170/Account/Register - application/x-www-form-urlencoded 355
2026-06-06 08:00:14.134 +05:30 [INF] Executing endpoint 'AIResumeScreeningSystem.Controllers.AccountController.Register (AIResumeScreeningSystem)'
2026-06-06 08:00:14.136 +05:30 [INF] Route matched with {action = "Register", controller = "Account"}. Executing controller action with signature System.Threading.Tasks.Task`1[Microsoft.AspNetCore.Mvc.IActionResult] Register(AIResumeScreeningSystem.ViewModels.Account.RegisterViewModel) on controller AIResumeScreeningSystem.Controllers.AccountController (AIResumeScreeningSystem).
2026-06-06 08:00:14.139 +05:30 [INF] Executing ViewResult, running view Register.
2026-06-06 08:00:14.142 +05:30 [INF] Executed ViewResult - view Register executed in 2.9011ms.
2026-06-06 08:00:14.144 +05:30 [INF] Executed action AIResumeScreeningSystem.Controllers.AccountController.Register (AIResumeScreeningSystem) in 5.6661ms
2026-06-06 08:00:14.145 +05:30 [INF] Executed endpoint 'AIResumeScreeningSystem.Controllers.AccountController.Register (AIResumeScreeningSystem)'
2026-06-06 08:00:14.147 +05:30 [INF] Request finished HTTP/2 POST https://localhost:7170/Account/Register - 200 null text/html; charset=utf-8 20.6982ms
2026-06-06 08:00:14.166 +05:30 [INF] Request starting HTTP/2 GET https://localhost:7170/_vs/browserLink - null null
2026-06-06 08:00:14.167 +05:30 [INF] Request starting HTTP/2 GET https://localhost:7170/_framework/aspnetcore-browser-refresh.js - null null
2026-06-06 08:00:14.173 +05:30 [INF] Request finished HTTP/2 GET https://localhost:7170/_framework/aspnetcore-browser-refresh.js - 200 14951 application/javascript; charset=utf-8 5.8143ms
2026-06-06 08:00:14.174 +05:30 [INF] Request finished HTTP/2 GET https://localhost:7170/_vs/browserLink - 200 null text/javascript; charset=UTF-8 7.2039ms
2026-06-06 08:01:13.615 +05:30 [INF] User profile is available. Using 'C:\Users\uSER\AppData\Local\ASP.NET\DataProtection-Keys' as key repository and Windows DPAPI to encrypt keys at rest.
2026-06-06 08:01:14.800 +05:30 [INF] Executed DbCommand (22ms) [Parameters=[], CommandType='"Text"', CommandTimeout='30']
SELECT 1
2026-06-06 08:01:14.835 +05:30 [INF] Executed DbCommand (19ms) [Parameters=[], CommandType='"Text"', CommandTimeout='30']
SELECT OBJECT_ID(N'[__EFMigrationsHistory]');
2026-06-06 08:01:14.840 +05:30 [INF] Executed DbCommand (1ms) [Parameters=[], CommandType='"Text"', CommandTimeout='30']
SELECT 1
2026-06-06 08:01:14.842 +05:30 [INF] Executed DbCommand (1ms) [Parameters=[], CommandType='"Text"', CommandTimeout='30']
SELECT OBJECT_ID(N'[__EFMigrationsHistory]');
2026-06-06 08:01:14.871 +05:30 [INF] Executed DbCommand (16ms) [Parameters=[], CommandType='"Text"', CommandTimeout='30']
SELECT [MigrationId], [ProductVersion]
FROM [__EFMigrationsHistory]
ORDER BY [MigrationId];
2026-06-06 08:01:14.888 +05:30 [INF] No migrations were applied. The database is already up to date.
2026-06-06 08:01:15.157 +05:30 [INF] Executed DbCommand (19ms) [Parameters=[@__normalizedName_0='?' (Size = 256)], CommandType='"Text"', CommandTimeout='30']
SELECT TOP(1) [r].[Id], [r].[ConcurrencyStamp], [r].[Name], [r].[NormalizedName]
FROM [Roles] AS [r]
WHERE [r].[NormalizedName] = @__normalizedName_0
2026-06-06 08:01:15.277 +05:30 [INF] Executed DbCommand (1ms) [Parameters=[@__normalizedName_0='?' (Size = 256)], CommandType='"Text"', CommandTimeout='30']
SELECT TOP(1) [r].[Id], [r].[ConcurrencyStamp], [r].[Name], [r].[NormalizedName]
FROM [Roles] AS [r]
WHERE [r].[NormalizedName] = @__normalizedName_0
2026-06-06 08:01:15.285 +05:30 [INF] Executed DbCommand (1ms) [Parameters=[@__normalizedName_0='?' (Size = 256)], CommandType='"Text"', CommandTimeout='30']
SELECT TOP(1) [r].[Id], [r].[ConcurrencyStamp], [r].[Name], [r].[NormalizedName]
FROM [Roles] AS [r]
WHERE [r].[NormalizedName] = @__normalizedName_0
2026-06-06 08:01:15.333 +05:30 [INF] Executed DbCommand (8ms) [Parameters=[@__normalizedEmail_0='?' (Size = 256)], CommandType='"Text"', CommandTimeout='30']
SELECT TOP(2) [u].[Id], [u].[AccessFailedCount], [u].[ConcurrencyStamp], [u].[CreatedAt], [u].[Email], [u].[EmailConfirmed], [u].[FirstName], [u].[IsActive], [u].[LastName], [u].[LockoutEnabled], [u].[LockoutEnd], [u].[NormalizedEmail], [u].[NormalizedUserName], [u].[PasswordHash], [u].[PhoneNumber], [u].[PhoneNumberConfirmed], [u].[ProfileImagePath], [u].[SecurityStamp], [u].[TwoFactorEnabled], [u].[UpdatedAt], [u].[UserName]
FROM [Users] AS [u]
WHERE [u].[NormalizedEmail] = @__normalizedEmail_0
2026-06-06 08:01:15.698 +05:30 [INF] Now listening on: https://localhost:7170
2026-06-06 08:01:15.700 +05:30 [INF] Now listening on: http://localhost:5263
2026-06-06 08:01:15.762 +05:30 [INF] Application started. Press Ctrl+C to shut down.
2026-06-06 08:01:15.765 +05:30 [INF] Hosting environment: Development
2026-06-06 08:01:15.767 +05:30 [INF] Content root path: D:\Dot Net\AIResumeScreeningSystem\AIResumeScreeningSystem
2026-06-06 08:01:16.402 +05:30 [INF] Request starting HTTP/2 GET https://localhost:7170/ - null null
2026-06-06 08:01:16.664 +05:30 [INF] Executing endpoint 'AIResumeScreeningSystem.Controllers.HomeController.Index (AIResumeScreeningSystem)'
2026-06-06 08:01:16.685 +05:30 [INF] Route matched with {action = "Index", controller = "Home"}. Executing controller action with signature Microsoft.AspNetCore.Mvc.IActionResult Index() on controller AIResumeScreeningSystem.Controllers.HomeController (AIResumeScreeningSystem).
2026-06-06 08:01:16.707 +05:30 [INF] Executing ViewResult, running view Index.
2026-06-06 08:01:16.867 +05:30 [INF] Executed ViewResult - view Index executed in 161.2771ms.
2026-06-06 08:01:16.879 +05:30 [INF] Executed action AIResumeScreeningSystem.Controllers.HomeController.Index (AIResumeScreeningSystem) in 189.1988ms
2026-06-06 08:01:16.884 +05:30 [INF] Executed endpoint 'AIResumeScreeningSystem.Controllers.HomeController.Index (AIResumeScreeningSystem)'
2026-06-06 08:01:16.889 +05:30 [INF] Request starting HTTP/2 GET https://localhost:7170/_framework/aspnetcore-browser-refresh.js - null null
2026-06-06 08:01:16.890 +05:30 [INF] Request starting HTTP/2 GET https://localhost:7170/_vs/browserLink - null null
2026-06-06 08:01:16.907 +05:30 [INF] Request finished HTTP/2 GET https://localhost:7170/_framework/aspnetcore-browser-refresh.js - 200 14951 application/javascript; charset=utf-8 17.233ms
2026-06-06 08:01:16.909 +05:30 [INF] Request finished HTTP/2 GET https://localhost:7170/ - 200 null text/html; charset=utf-8 510.2389ms
2026-06-06 08:01:16.971 +05:30 [INF] Request finished HTTP/2 GET https://localhost:7170/_vs/browserLink - 200 null text/javascript; charset=UTF-8 80.5933ms
2026-06-06 08:01:19.777 +05:30 [INF] Request starting HTTP/2 GET https://localhost:7170/Account/Register - null null
2026-06-06 08:01:19.787 +05:30 [INF] Executing endpoint 'AIResumeScreeningSystem.Controllers.AccountController.Register (AIResumeScreeningSystem)'
2026-06-06 08:01:19.792 +05:30 [INF] Route matched with {action = "Register", controller = "Account"}. Executing controller action with signature Microsoft.AspNetCore.Mvc.IActionResult Register() on controller AIResumeScreeningSystem.Controllers.AccountController (AIResumeScreeningSystem).
2026-06-06 08:01:19.799 +05:30 [INF] Executing ViewResult, running view Register.
2026-06-06 08:01:19.890 +05:30 [INF] Executed ViewResult - view Register executed in 92.0641ms.
2026-06-06 08:01:19.893 +05:30 [INF] Executed action AIResumeScreeningSystem.Controllers.AccountController.Register (AIResumeScreeningSystem) in 98.7009ms
2026-06-06 08:01:19.895 +05:30 [INF] Executed endpoint 'AIResumeScreeningSystem.Controllers.AccountController.Register (AIResumeScreeningSystem)'
2026-06-06 08:01:19.899 +05:30 [INF] Request finished HTTP/2 GET https://localhost:7170/Account/Register - 200 null text/html; charset=utf-8 121.259ms
2026-06-06 08:01:19.920 +05:30 [INF] Request starting HTTP/2 GET https://localhost:7170/_framework/aspnetcore-browser-refresh.js - null null
2026-06-06 08:01:19.920 +05:30 [INF] Request starting HTTP/2 GET https://localhost:7170/_vs/browserLink - null null
2026-06-06 08:01:19.925 +05:30 [INF] Request finished HTTP/2 GET https://localhost:7170/_framework/aspnetcore-browser-refresh.js - 200 14951 application/javascript; charset=utf-8 4.969ms
2026-06-06 08:01:19.938 +05:30 [INF] Request finished HTTP/2 GET https://localhost:7170/_vs/browserLink - 200 null text/javascript; charset=UTF-8 18.6349ms
2026-06-06 08:02:28.565 +05:30 [INF] Request starting HTTP/2 POST https://localhost:7170/Account/Register - application/x-www-form-urlencoded 369
2026-06-06 08:02:28.576 +05:30 [INF] Executing endpoint 'AIResumeScreeningSystem.Controllers.AccountController.Register (AIResumeScreeningSystem)'
2026-06-06 08:02:28.588 +05:30 [INF] Route matched with {action = "Register", controller = "Account"}. Executing controller action with signature System.Threading.Tasks.Task`1[Microsoft.AspNetCore.Mvc.IActionResult] Register(AIResumeScreeningSystem.ViewModels.Account.RegisterViewModel) on controller AIResumeScreeningSystem.Controllers.AccountController (AIResumeScreeningSystem).
2026-06-06 08:02:28.642 +05:30 [INF] Executed DbCommand (4ms) [Parameters=[@__normalizedEmail_0='?' (Size = 256)], CommandType='"Text"', CommandTimeout='30']
SELECT TOP(2) [u].[Id], [u].[AccessFailedCount], [u].[ConcurrencyStamp], [u].[CreatedAt], [u].[Email], [u].[EmailConfirmed], [u].[FirstName], [u].[IsActive], [u].[LastName], [u].[LockoutEnabled], [u].[LockoutEnd], [u].[NormalizedEmail], [u].[NormalizedUserName], [u].[PasswordHash], [u].[PhoneNumber], [u].[PhoneNumberConfirmed], [u].[ProfileImagePath], [u].[SecurityStamp], [u].[TwoFactorEnabled], [u].[UpdatedAt], [u].[UserName]
FROM [Users] AS [u]
WHERE [u].[NormalizedEmail] = @__normalizedEmail_0
2026-06-06 08:02:28.736 +05:30 [INF] Executed DbCommand (3ms) [Parameters=[@__normalizedUserName_0='?' (Size = 256)], CommandType='"Text"', CommandTimeout='30']
SELECT TOP(1) [u].[Id], [u].[AccessFailedCount], [u].[ConcurrencyStamp], [u].[CreatedAt], [u].[Email], [u].[EmailConfirmed], [u].[FirstName], [u].[IsActive], [u].[LastName], [u].[LockoutEnabled], [u].[LockoutEnd], [u].[NormalizedEmail], [u].[NormalizedUserName], [u].[PasswordHash], [u].[PhoneNumber], [u].[PhoneNumberConfirmed], [u].[ProfileImagePath], [u].[SecurityStamp], [u].[TwoFactorEnabled], [u].[UpdatedAt], [u].[UserName]
FROM [Users] AS [u]
WHERE [u].[NormalizedUserName] = @__normalizedUserName_0
2026-06-06 08:02:28.741 +05:30 [INF] Executed DbCommand (1ms) [Parameters=[@__normalizedEmail_0='?' (Size = 256)], CommandType='"Text"', CommandTimeout='30']
SELECT TOP(2) [u].[Id], [u].[AccessFailedCount], [u].[ConcurrencyStamp], [u].[CreatedAt], [u].[Email], [u].[EmailConfirmed], [u].[FirstName], [u].[IsActive], [u].[LastName], [u].[LockoutEnabled], [u].[LockoutEnd], [u].[NormalizedEmail], [u].[NormalizedUserName], [u].[PasswordHash], [u].[PhoneNumber], [u].[PhoneNumberConfirmed], [u].[ProfileImagePath], [u].[SecurityStamp], [u].[TwoFactorEnabled], [u].[UpdatedAt], [u].[UserName]
FROM [Users] AS [u]
WHERE [u].[NormalizedEmail] = @__normalizedEmail_0
2026-06-06 08:02:28.850 +05:30 [INF] Executed DbCommand (16ms) [Parameters=[@p0='?' (Size = 450), @p1='?' (DbType = Int32), @p2='?' (Size = 4000), @p3='?' (DbType = DateTime2), @p4='?' (Size = 256), @p5='?' (DbType = Boolean), @p6='?' (Size = 100), @p7='?' (DbType = Boolean), @p8='?' (Size = 100), @p9='?' (DbType = Boolean), @p10='?' (DbType = DateTimeOffset), @p11='?' (Size = 256), @p12='?' (Size = 256), @p13='?' (Size = 4000), @p14='?' (Size = 20), @p15='?' (DbType = Boolean), @p16='?' (Size = 500), @p17='?' (Size = 4000), @p18='?' (DbType = Boolean), @p19='?' (DbType = DateTime2), @p20='?' (Size = 256)], CommandType='"Text"', CommandTimeout='30']
SET IMPLICIT_TRANSACTIONS OFF;
SET NOCOUNT ON;
INSERT INTO [Users] ([Id], [AccessFailedCount], [ConcurrencyStamp], [CreatedAt], [Email], [EmailConfirmed], [FirstName], [IsActive], [LastName], [LockoutEnabled], [LockoutEnd], [NormalizedEmail], [NormalizedUserName], [PasswordHash], [PhoneNumber], [PhoneNumberConfirmed], [ProfileImagePath], [SecurityStamp], [TwoFactorEnabled], [UpdatedAt], [UserName])
VALUES (@p0, @p1, @p2, @p3, @p4, @p5, @p6, @p7, @p8, @p9, @p10, @p11, @p12, @p13, @p14, @p15, @p16, @p17, @p18, @p19, @p20);
2026-06-06 08:02:28.872 +05:30 [INF] Executed DbCommand (3ms) [Parameters=[@__normalizedRoleName_0='?' (Size = 256)], CommandType='"Text"', CommandTimeout='30']
SELECT TOP(2) [r].[Id], [r].[ConcurrencyStamp], [r].[Name], [r].[NormalizedName]
FROM [Roles] AS [r]
WHERE [r].[NormalizedName] = @__normalizedRoleName_0
2026-06-06 08:02:28.905 +05:30 [INF] Executed DbCommand (4ms) [Parameters=[@__p_0='?' (Size = 450), @__p_1='?' (Size = 450)], CommandType='"Text"', CommandTimeout='30']
SELECT TOP(1) [u].[UserId], [u].[RoleId]
FROM [UserRoles] AS [u]
WHERE [u].[UserId] = @__p_0 AND [u].[RoleId] = @__p_1
2026-06-06 08:02:28.910 +05:30 [INF] Executed DbCommand (1ms) [Parameters=[@__normalizedRoleName_0='?' (Size = 256)], CommandType='"Text"', CommandTimeout='30']
SELECT TOP(2) [r].[Id], [r].[ConcurrencyStamp], [r].[Name], [r].[NormalizedName]
FROM [Roles] AS [r]
WHERE [r].[NormalizedName] = @__normalizedRoleName_0
2026-06-06 08:02:28.922 +05:30 [INF] Executed DbCommand (1ms) [Parameters=[@__normalizedUserName_0='?' (Size = 256)], CommandType='"Text"', CommandTimeout='30']
SELECT TOP(1) [u].[Id], [u].[AccessFailedCount], [u].[ConcurrencyStamp], [u].[CreatedAt], [u].[Email], [u].[EmailConfirmed], [u].[FirstName], [u].[IsActive], [u].[LastName], [u].[LockoutEnabled], [u].[LockoutEnd], [u].[NormalizedEmail], [u].[NormalizedUserName], [u].[PasswordHash], [u].[PhoneNumber], [u].[PhoneNumberConfirmed], [u].[ProfileImagePath], [u].[SecurityStamp], [u].[TwoFactorEnabled], [u].[UpdatedAt], [u].[UserName]
FROM [Users] AS [u]
WHERE [u].[NormalizedUserName] = @__normalizedUserName_0
2026-06-06 08:02:28.926 +05:30 [INF] Executed DbCommand (1ms) [Parameters=[@__normalizedEmail_0='?' (Size = 256)], CommandType='"Text"', CommandTimeout='30']
SELECT TOP(2) [u].[Id], [u].[AccessFailedCount], [u].[ConcurrencyStamp], [u].[CreatedAt], [u].[Email], [u].[EmailConfirmed], [u].[FirstName], [u].[IsActive], [u].[LastName], [u].[LockoutEnabled], [u].[LockoutEnd], [u].[NormalizedEmail], [u].[NormalizedUserName], [u].[PasswordHash], [u].[PhoneNumber], [u].[PhoneNumberConfirmed], [u].[ProfileImagePath], [u].[SecurityStamp], [u].[TwoFactorEnabled], [u].[UpdatedAt], [u].[UserName]
FROM [Users] AS [u]
WHERE [u].[NormalizedEmail] = @__normalizedEmail_0
2026-06-06 08:02:28.971 +05:30 [INF] Executed DbCommand (16ms) [Parameters=[@p0='?' (Size = 450), @p1='?' (Size = 450), @p22='?' (Size = 450), @p2='?' (DbType = Int32), @p3='?' (Size = 4000), @p23='?' (Size = 4000), @p4='?' (DbType = DateTime2), @p5='?' (Size = 256), @p6='?' (DbType = Boolean), @p7='?' (Size = 100), @p8='?' (DbType = Boolean), @p9='?' (Size = 100), @p10='?' (DbType = Boolean), @p11='?' (DbType = DateTimeOffset), @p12='?' (Size = 256), @p13='?' (Size = 256), @p14='?' (Size = 4000), @p15='?' (Size = 20), @p16='?' (DbType = Boolean), @p17='?' (Size = 500), @p18='?' (Size = 4000), @p19='?' (DbType = Boolean), @p20='?' (DbType = DateTime2), @p21='?' (Size = 256)], CommandType='"Text"', CommandTimeout='30']
SET NOCOUNT ON;
INSERT INTO [UserRoles] ([RoleId], [UserId])
VALUES (@p0, @p1);
UPDATE [Users] SET [AccessFailedCount] = @p2, [ConcurrencyStamp] = @p3, [CreatedAt] = @p4, [Email] = @p5, [EmailConfirmed] = @p6, [FirstName] = @p7, [IsActive] = @p8, [LastName] = @p9, [LockoutEnabled] = @p10, [LockoutEnd] = @p11, [NormalizedEmail] = @p12, [NormalizedUserName] = @p13, [PasswordHash] = @p14, [PhoneNumber] = @p15, [PhoneNumberConfirmed] = @p16, [ProfileImagePath] = @p17, [SecurityStamp] = @p18, [TwoFactorEnabled] = @p19, [UpdatedAt] = @p20, [UserName] = @p21
OUTPUT 1
WHERE [Id] = @p22 AND [ConcurrencyStamp] = @p23;
2026-06-06 08:02:29.071 +05:30 [INF] Executed DbCommand (29ms) [Parameters=[@p0='?' (DbType = DateTime2), @p1='?' (Size = 200), @p2='?' (Size = 200), @p3='?' (Size = 200), @p4='?' (DbType = Int32), @p5='?' (Size = 500), @p6='?' (Size = 100), @p7='?' (DbType = Boolean), @p8='?' (Size = 200), @p9='?' (Size = 200), @p10='?' (Size = 200), @p11='?' (Size = 4000), @p12='?' (DbType = Int32), @p13='?' (Size = 200), @p14='?' (DbType = DateTime2), @p15='?' (Size = 450)], CommandType='"Text"', CommandTimeout='30']
SET IMPLICIT_TRANSACTIONS OFF;
SET NOCOUNT ON;
INSERT INTO [Candidates] ([CreatedAt], [CurrentCompany], [CurrentJobTitle], [GitHubUrl], [GraduationYear], [Headline], [HighestEducation], [IsAvailable], [LinkedInUrl], [Location], [PortfolioUrl], [Summary], [TotalExperienceYears], [University], [UpdatedAt], [UserId])
OUTPUT INSERTED.[Id]
VALUES (@p0, @p1, @p2, @p3, @p4, @p5, @p6, @p7, @p8, @p9, @p10, @p11, @p12, @p13, @p14, @p15);
2026-06-06 08:02:29.083 +05:30 [INF] New user registered: rahul94056@gmail.com as Candidate
2026-06-06 08:02:29.087 +05:30 [INF] Executing RedirectResult, redirecting to /Account/Login.
2026-06-06 08:02:29.127 +05:30 [INF] Executed action AIResumeScreeningSystem.Controllers.AccountController.Register (AIResumeScreeningSystem) in 537.7589ms
2026-06-06 08:02:29.129 +05:30 [INF] Executed endpoint 'AIResumeScreeningSystem.Controllers.AccountController.Register (AIResumeScreeningSystem)'
2026-06-06 08:02:29.132 +05:30 [INF] Request finished HTTP/2 POST https://localhost:7170/Account/Register - 302 null null 566.7012ms
2026-06-06 08:02:29.132 +05:30 [INF] Request starting HTTP/2 GET https://localhost:7170/Account/Login - null null
2026-06-06 08:02:29.138 +05:30 [INF] Executing endpoint 'AIResumeScreeningSystem.Controllers.AccountController.Login (AIResumeScreeningSystem)'
2026-06-06 08:02:29.140 +05:30 [INF] Route matched with {action = "Login", controller = "Account"}. Executing controller action with signature Microsoft.AspNetCore.Mvc.IActionResult Login(System.String) on controller AIResumeScreeningSystem.Controllers.AccountController (AIResumeScreeningSystem).
2026-06-06 08:02:29.154 +05:30 [INF] Executing ViewResult, running view Login.
2026-06-06 08:02:29.185 +05:30 [INF] Executed ViewResult - view Login executed in 30.9655ms.
2026-06-06 08:02:29.188 +05:30 [INF] Executed action AIResumeScreeningSystem.Controllers.AccountController.Login (AIResumeScreeningSystem) in 45.7059ms
2026-06-06 08:02:29.189 +05:30 [INF] Executed endpoint 'AIResumeScreeningSystem.Controllers.AccountController.Login (AIResumeScreeningSystem)'
2026-06-06 08:02:29.191 +05:30 [INF] Request finished HTTP/2 GET https://localhost:7170/Account/Login - 200 null text/html; charset=utf-8 58.1309ms
2026-06-06 08:02:29.210 +05:30 [INF] Request starting HTTP/2 GET https://localhost:7170/_framework/aspnetcore-browser-refresh.js - null null
2026-06-06 08:02:29.210 +05:30 [INF] Request starting HTTP/2 GET https://localhost:7170/_vs/browserLink - null null
2026-06-06 08:02:29.213 +05:30 [INF] Request finished HTTP/2 GET https://localhost:7170/_framework/aspnetcore-browser-refresh.js - 200 14951 application/javascript; charset=utf-8 3.1976ms
2026-06-06 08:02:29.220 +05:30 [INF] Request finished HTTP/2 GET https://localhost:7170/_vs/browserLink - 200 null text/javascript; charset=UTF-8 10.2829ms
2026-06-06 08:02:31.194 +05:30 [ERR] Failed to send email to rahul94056@gmail.com
System.Net.Mail.SmtpException: The SMTP server requires a secure connection or the client was not authenticated. The server response was: 5.7.0 Authentication Required. For more information, go to
   at System.Net.Mail.MailCommand.CheckResponse(SmtpStatusCode statusCode, String response)
   at System.Net.Mail.MailCommand.EndSend(IAsyncResult result)
   at System.Net.Mail.SendMailAsyncResult.SendMailFromCompleted(IAsyncResult result)
--- End of stack trace from previous location ---
   at System.Net.Mail.SendMailAsyncResult.End(IAsyncResult result)
   at System.Net.Mail.SmtpClient.SendMailCallback(IAsyncResult result)
--- End of stack trace from previous location ---
   at AIResumeScreeningSystem.Services.Implementations.EmailService.SendEmailAsync(String toEmail, String subject, String htmlBody) in D:\Dot Net\AIResumeScreeningSystem\AIResumeScreeningSystem\Services\Implementations\EmailService.cs:line 45
2026-06-06 08:02:43.504 +05:30 [INF] Request starting HTTP/2 GET https://localhost:7170/Account/Login - null null
2026-06-06 08:02:43.509 +05:30 [INF] Executing endpoint 'AIResumeScreeningSystem.Controllers.AccountController.Login (AIResumeScreeningSystem)'
2026-06-06 08:02:43.510 +05:30 [INF] Route matched with {action = "Login", controller = "Account"}. Executing controller action with signature Microsoft.AspNetCore.Mvc.IActionResult Login(System.String) on controller AIResumeScreeningSystem.Controllers.AccountController (AIResumeScreeningSystem).
2026-06-06 08:02:43.513 +05:30 [INF] Executing ViewResult, running view Login.
2026-06-06 08:02:43.517 +05:30 [INF] Executed ViewResult - view Login executed in 3.9406ms.
2026-06-06 08:02:43.518 +05:30 [INF] Executed action AIResumeScreeningSystem.Controllers.AccountController.Login (AIResumeScreeningSystem) in 6.0146ms
2026-06-06 08:02:43.520 +05:30 [INF] Executed endpoint 'AIResumeScreeningSystem.Controllers.AccountController.Login (AIResumeScreeningSystem)'
2026-06-06 08:02:43.522 +05:30 [INF] Request finished HTTP/2 GET https://localhost:7170/Account/Login - 200 null text/html; charset=utf-8 18.2164ms
2026-06-06 08:02:43.542 +05:30 [INF] Request starting HTTP/2 GET https://localhost:7170/_framework/aspnetcore-browser-refresh.js - null null
2026-06-06 08:02:43.542 +05:30 [INF] Request starting HTTP/2 GET https://localhost:7170/_vs/browserLink - null null
2026-06-06 08:02:43.545 +05:30 [INF] Request finished HTTP/2 GET https://localhost:7170/_framework/aspnetcore-browser-refresh.js - 200 14951 application/javascript; charset=utf-8 3.1181ms
2026-06-06 08:02:43.555 +05:30 [INF] Request finished HTTP/2 GET https://localhost:7170/_vs/browserLink - 200 null text/javascript; charset=UTF-8 12.5404ms
2026-06-06 08:02:45.611 +05:30 [INF] Request starting HTTP/2 GET https://localhost:7170/Account/Register - null null
2026-06-06 08:02:45.617 +05:30 [INF] Executing endpoint 'AIResumeScreeningSystem.Controllers.AccountController.Register (AIResumeScreeningSystem)'
2026-06-06 08:02:45.618 +05:30 [INF] Route matched with {action = "Register", controller = "Account"}. Executing controller action with signature Microsoft.AspNetCore.Mvc.IActionResult Register() on controller AIResumeScreeningSystem.Controllers.AccountController (AIResumeScreeningSystem).
2026-06-06 08:02:45.621 +05:30 [INF] Executing ViewResult, running view Register.
2026-06-06 08:02:45.626 +05:30 [INF] Executed ViewResult - view Register executed in 4.5322ms.
2026-06-06 08:02:45.627 +05:30 [INF] Executed action AIResumeScreeningSystem.Controllers.AccountController.Register (AIResumeScreeningSystem) in 6.3274ms
2026-06-06 08:02:45.628 +05:30 [INF] Executed endpoint 'AIResumeScreeningSystem.Controllers.AccountController.Register (AIResumeScreeningSystem)'
2026-06-06 08:02:45.630 +05:30 [INF] Request finished HTTP/2 GET https://localhost:7170/Account/Register - 200 null text/html; charset=utf-8 19.0232ms
2026-06-06 08:02:45.648 +05:30 [INF] Request starting HTTP/2 GET https://localhost:7170/_framework/aspnetcore-browser-refresh.js - null null
2026-06-06 08:02:45.648 +05:30 [INF] Request starting HTTP/2 GET https://localhost:7170/_vs/browserLink - null null
2026-06-06 08:02:45.650 +05:30 [INF] Request finished HTTP/2 GET https://localhost:7170/_framework/aspnetcore-browser-refresh.js - 200 14951 application/javascript; charset=utf-8 2.5246ms
2026-06-06 08:02:45.657 +05:30 [INF] Request finished HTTP/2 GET https://localhost:7170/_vs/browserLink - 200 null text/javascript; charset=UTF-8 8.8503ms
2026-06-06 08:03:29.927 +05:30 [INF] Request starting HTTP/2 POST https://localhost:7170/Account/Register - application/x-www-form-urlencoded 352
2026-06-06 08:03:29.935 +05:30 [INF] Executing endpoint 'AIResumeScreeningSystem.Controllers.AccountController.Register (AIResumeScreeningSystem)'
2026-06-06 08:03:29.936 +05:30 [INF] Route matched with {action = "Register", controller = "Account"}. Executing controller action with signature System.Threading.Tasks.Task`1[Microsoft.AspNetCore.Mvc.IActionResult] Register(AIResumeScreeningSystem.ViewModels.Account.RegisterViewModel) on controller AIResumeScreeningSystem.Controllers.AccountController (AIResumeScreeningSystem).
2026-06-06 08:03:30.006 +05:30 [INF] Executed DbCommand (4ms) [Parameters=[@__normalizedEmail_0='?' (Size = 256)], CommandType='"Text"', CommandTimeout='30']
SELECT TOP(2) [u].[Id], [u].[AccessFailedCount], [u].[ConcurrencyStamp], [u].[CreatedAt], [u].[Email], [u].[EmailConfirmed], [u].[FirstName], [u].[IsActive], [u].[LastName], [u].[LockoutEnabled], [u].[LockoutEnd], [u].[NormalizedEmail], [u].[NormalizedUserName], [u].[PasswordHash], [u].[PhoneNumber], [u].[PhoneNumberConfirmed], [u].[ProfileImagePath], [u].[SecurityStamp], [u].[TwoFactorEnabled], [u].[UpdatedAt], [u].[UserName]
FROM [Users] AS [u]
WHERE [u].[NormalizedEmail] = @__normalizedEmail_0
2026-06-06 08:03:30.085 +05:30 [INF] Executed DbCommand (3ms) [Parameters=[@__normalizedUserName_0='?' (Size = 256)], CommandType='"Text"', CommandTimeout='30']
SELECT TOP(1) [u].[Id], [u].[AccessFailedCount], [u].[ConcurrencyStamp], [u].[CreatedAt], [u].[Email], [u].[EmailConfirmed], [u].[FirstName], [u].[IsActive], [u].[LastName], [u].[LockoutEnabled], [u].[LockoutEnd], [u].[NormalizedEmail], [u].[NormalizedUserName], [u].[PasswordHash], [u].[PhoneNumber], [u].[PhoneNumberConfirmed], [u].[ProfileImagePath], [u].[SecurityStamp], [u].[TwoFactorEnabled], [u].[UpdatedAt], [u].[UserName]
FROM [Users] AS [u]
WHERE [u].[NormalizedUserName] = @__normalizedUserName_0
2026-06-06 08:03:30.089 +05:30 [INF] Executed DbCommand (1ms) [Parameters=[@__normalizedEmail_0='?' (Size = 256)], CommandType='"Text"', CommandTimeout='30']
SELECT TOP(2) [u].[Id], [u].[AccessFailedCount], [u].[ConcurrencyStamp], [u].[CreatedAt], [u].[Email], [u].[EmailConfirmed], [u].[FirstName], [u].[IsActive], [u].[LastName], [u].[LockoutEnabled], [u].[LockoutEnd], [u].[NormalizedEmail], [u].[NormalizedUserName], [u].[PasswordHash], [u].[PhoneNumber], [u].[PhoneNumberConfirmed], [u].[ProfileImagePath], [u].[SecurityStamp], [u].[TwoFactorEnabled], [u].[UpdatedAt], [u].[UserName]
FROM [Users] AS [u]
WHERE [u].[NormalizedEmail] = @__normalizedEmail_0
2026-06-06 08:03:30.094 +05:30 [INF] Executed DbCommand (2ms) [Parameters=[@p0='?' (Size = 450), @p1='?' (DbType = Int32), @p2='?' (Size = 4000), @p3='?' (DbType = DateTime2), @p4='?' (Size = 256), @p5='?' (DbType = Boolean), @p6='?' (Size = 100), @p7='?' (DbType = Boolean), @p8='?' (Size = 100), @p9='?' (DbType = Boolean), @p10='?' (DbType = DateTimeOffset), @p11='?' (Size = 256), @p12='?' (Size = 256), @p13='?' (Size = 4000), @p14='?' (Size = 20), @p15='?' (DbType = Boolean), @p16='?' (Size = 500), @p17='?' (Size = 4000), @p18='?' (DbType = Boolean), @p19='?' (DbType = DateTime2), @p20='?' (Size = 256)], CommandType='"Text"', CommandTimeout='30']
SET IMPLICIT_TRANSACTIONS OFF;
SET NOCOUNT ON;
INSERT INTO [Users] ([Id], [AccessFailedCount], [ConcurrencyStamp], [CreatedAt], [Email], [EmailConfirmed], [FirstName], [IsActive], [LastName], [LockoutEnabled], [LockoutEnd], [NormalizedEmail], [NormalizedUserName], [PasswordHash], [PhoneNumber], [PhoneNumberConfirmed], [ProfileImagePath], [SecurityStamp], [TwoFactorEnabled], [UpdatedAt], [UserName])
VALUES (@p0, @p1, @p2, @p3, @p4, @p5, @p6, @p7, @p8, @p9, @p10, @p11, @p12, @p13, @p14, @p15, @p16, @p17, @p18, @p19, @p20);
2026-06-06 08:03:30.099 +05:30 [INF] Executed DbCommand (2ms) [Parameters=[@__normalizedRoleName_0='?' (Size = 256)], CommandType='"Text"', CommandTimeout='30']
SELECT TOP(2) [r].[Id], [r].[ConcurrencyStamp], [r].[Name], [r].[NormalizedName]
FROM [Roles] AS [r]
WHERE [r].[NormalizedName] = @__normalizedRoleName_0
2026-06-06 08:03:30.104 +05:30 [INF] Executed DbCommand (2ms) [Parameters=[@__p_0='?' (Size = 450), @__p_1='?' (Size = 450)], CommandType='"Text"', CommandTimeout='30']
SELECT TOP(1) [u].[UserId], [u].[RoleId]
FROM [UserRoles] AS [u]
WHERE [u].[UserId] = @__p_0 AND [u].[RoleId] = @__p_1
2026-06-06 08:03:30.107 +05:30 [INF] Executed DbCommand (0ms) [Parameters=[@__normalizedRoleName_0='?' (Size = 256)], CommandType='"Text"', CommandTimeout='30']
SELECT TOP(2) [r].[Id], [r].[ConcurrencyStamp], [r].[Name], [r].[NormalizedName]
FROM [Roles] AS [r]
WHERE [r].[NormalizedName] = @__normalizedRoleName_0
2026-06-06 08:03:30.110 +05:30 [INF] Executed DbCommand (0ms) [Parameters=[@__normalizedUserName_0='?' (Size = 256)], CommandType='"Text"', CommandTimeout='30']
SELECT TOP(1) [u].[Id], [u].[AccessFailedCount], [u].[ConcurrencyStamp], [u].[CreatedAt], [u].[Email], [u].[EmailConfirmed], [u].[FirstName], [u].[IsActive], [u].[LastName], [u].[LockoutEnabled], [u].[LockoutEnd], [u].[NormalizedEmail], [u].[NormalizedUserName], [u].[PasswordHash], [u].[PhoneNumber], [u].[PhoneNumberConfirmed], [u].[ProfileImagePath], [u].[SecurityStamp], [u].[TwoFactorEnabled], [u].[UpdatedAt], [u].[UserName]
FROM [Users] AS [u]
WHERE [u].[NormalizedUserName] = @__normalizedUserName_0
2026-06-06 08:03:30.112 +05:30 [INF] Executed DbCommand (0ms) [Parameters=[@__normalizedEmail_0='?' (Size = 256)], CommandType='"Text"', CommandTimeout='30']
SELECT TOP(2) [u].[Id], [u].[AccessFailedCount], [u].[ConcurrencyStamp], [u].[CreatedAt], [u].[Email], [u].[EmailConfirmed], [u].[FirstName], [u].[IsActive], [u].[LastName], [u].[LockoutEnabled], [u].[LockoutEnd], [u].[NormalizedEmail], [u].[NormalizedUserName], [u].[PasswordHash], [u].[PhoneNumber], [u].[PhoneNumberConfirmed], [u].[ProfileImagePath], [u].[SecurityStamp], [u].[TwoFactorEnabled], [u].[UpdatedAt], [u].[UserName]
FROM [Users] AS [u]
WHERE [u].[NormalizedEmail] = @__normalizedEmail_0
2026-06-06 08:03:30.123 +05:30 [INF] Executed DbCommand (7ms) [Parameters=[@p0='?' (Size = 450), @p1='?' (Size = 450), @p22='?' (Size = 450), @p2='?' (DbType = Int32), @p3='?' (Size = 4000), @p23='?' (Size = 4000), @p4='?' (DbType = DateTime2), @p5='?' (Size = 256), @p6='?' (DbType = Boolean), @p7='?' (Size = 100), @p8='?' (DbType = Boolean), @p9='?' (Size = 100), @p10='?' (DbType = Boolean), @p11='?' (DbType = DateTimeOffset), @p12='?' (Size = 256), @p13='?' (Size = 256), @p14='?' (Size = 4000), @p15='?' (Size = 20), @p16='?' (DbType = Boolean), @p17='?' (Size = 500), @p18='?' (Size = 4000), @p19='?' (DbType = Boolean), @p20='?' (DbType = DateTime2), @p21='?' (Size = 256)], CommandType='"Text"', CommandTimeout='30']
SET NOCOUNT ON;
INSERT INTO [UserRoles] ([RoleId], [UserId])
VALUES (@p0, @p1);
UPDATE [Users] SET [AccessFailedCount] = @p2, [ConcurrencyStamp] = @p3, [CreatedAt] = @p4, [Email] = @p5, [EmailConfirmed] = @p6, [FirstName] = @p7, [IsActive] = @p8, [LastName] = @p9, [LockoutEnabled] = @p10, [LockoutEnd] = @p11, [NormalizedEmail] = @p12, [NormalizedUserName] = @p13, [PasswordHash] = @p14, [PhoneNumber] = @p15, [PhoneNumberConfirmed] = @p16, [ProfileImagePath] = @p17, [SecurityStamp] = @p18, [TwoFactorEnabled] = @p19, [UpdatedAt] = @p20, [UserName] = @p21
OUTPUT 1
WHERE [Id] = @p22 AND [ConcurrencyStamp] = @p23;
2026-06-06 08:03:30.125 +05:30 [INF] New user registered: sarthak94056@gmail.com as Recruiter
2026-06-06 08:03:30.127 +05:30 [INF] Executing RedirectResult, redirecting to /Account/Login.
2026-06-06 08:03:30.128 +05:30 [INF] Executed action AIResumeScreeningSystem.Controllers.AccountController.Register (AIResumeScreeningSystem) in 189.6711ms
2026-06-06 08:03:30.129 +05:30 [INF] Executed endpoint 'AIResumeScreeningSystem.Controllers.AccountController.Register (AIResumeScreeningSystem)'
2026-06-06 08:03:30.130 +05:30 [INF] Request finished HTTP/2 POST https://localhost:7170/Account/Register - 302 null null 202.5575ms
2026-06-06 08:03:30.133 +05:30 [INF] Request starting HTTP/2 GET https://localhost:7170/Account/Login - null null
2026-06-06 08:03:30.136 +05:30 [INF] Executing endpoint 'AIResumeScreeningSystem.Controllers.AccountController.Login (AIResumeScreeningSystem)'
2026-06-06 08:03:30.138 +05:30 [INF] Route matched with {action = "Login", controller = "Account"}. Executing controller action with signature Microsoft.AspNetCore.Mvc.IActionResult Login(System.String) on controller AIResumeScreeningSystem.Controllers.AccountController (AIResumeScreeningSystem).
2026-06-06 08:03:30.140 +05:30 [INF] Executing ViewResult, running view Login.
2026-06-06 08:03:30.143 +05:30 [INF] Executed ViewResult - view Login executed in 3.4119ms.
2026-06-06 08:03:30.144 +05:30 [INF] Executed action AIResumeScreeningSystem.Controllers.AccountController.Login (AIResumeScreeningSystem) in 5.0214ms
2026-06-06 08:03:30.145 +05:30 [INF] Executed endpoint 'AIResumeScreeningSystem.Controllers.AccountController.Login (AIResumeScreeningSystem)'
2026-06-06 08:03:30.147 +05:30 [INF] Request finished HTTP/2 GET https://localhost:7170/Account/Login - 200 null text/html; charset=utf-8 13.9032ms
2026-06-06 08:03:30.165 +05:30 [INF] Request starting HTTP/2 GET https://localhost:7170/_vs/browserLink - null null
2026-06-06 08:03:30.167 +05:30 [INF] Request starting HTTP/2 GET https://localhost:7170/_framework/aspnetcore-browser-refresh.js - null null
2026-06-06 08:03:30.172 +05:30 [INF] Request finished HTTP/2 GET https://localhost:7170/_framework/aspnetcore-browser-refresh.js - 200 14951 application/javascript; charset=utf-8 4.2268ms
2026-06-06 08:03:30.172 +05:30 [INF] Request finished HTTP/2 GET https://localhost:7170/_vs/browserLink - 200 null text/javascript; charset=UTF-8 7.2521ms
2026-06-06 08:03:32.189 +05:30 [ERR] Failed to send email to sarthak94056@gmail.com
System.Net.Mail.SmtpException: The SMTP server requires a secure connection or the client was not authenticated. The server response was: 5.7.0 Authentication Required. For more information, go to
   at System.Net.Mail.MailCommand.CheckResponse(SmtpStatusCode statusCode, String response)
   at System.Net.Mail.MailCommand.EndSend(IAsyncResult result)
   at System.Net.Mail.SendMailAsyncResult.SendMailFromCompleted(IAsyncResult result)
--- End of stack trace from previous location ---
   at System.Net.Mail.SendMailAsyncResult.End(IAsyncResult result)
   at System.Net.Mail.SmtpClient.SendMailCallback(IAsyncResult result)
--- End of stack trace from previous location ---
   at AIResumeScreeningSystem.Services.Implementations.EmailService.SendEmailAsync(String toEmail, String subject, String htmlBody) in D:\Dot Net\AIResumeScreeningSystem\AIResumeScreeningSystem\Services\Implementations\EmailService.cs:line 45
2026-06-06 08:03:36.827 +05:30 [INF] Request starting HTTP/2 POST https://localhost:7170/Account/Login - application/x-www-form-urlencoded 264
2026-06-06 08:03:36.883 +05:30 [INF] Executing endpoint 'AIResumeScreeningSystem.Controllers.AccountController.Login (AIResumeScreeningSystem)'
2026-06-06 08:03:36.888 +05:30 [INF] Route matched with {action = "Login", controller = "Account"}. Executing controller action with signature System.Threading.Tasks.Task`1[Microsoft.AspNetCore.Mvc.IActionResult] Login(AIResumeScreeningSystem.ViewModels.Account.LoginViewModel) on controller AIResumeScreeningSystem.Controllers.AccountController (AIResumeScreeningSystem).
2026-06-06 08:03:36.894 +05:30 [INF] Executed DbCommand (1ms) [Parameters=[@__normalizedEmail_0='?' (Size = 256)], CommandType='"Text"', CommandTimeout='30']
SELECT TOP(2) [u].[Id], [u].[AccessFailedCount], [u].[ConcurrencyStamp], [u].[CreatedAt], [u].[Email], [u].[EmailConfirmed], [u].[FirstName], [u].[IsActive], [u].[LastName], [u].[LockoutEnabled], [u].[LockoutEnd], [u].[NormalizedEmail], [u].[NormalizedUserName], [u].[PasswordHash], [u].[PhoneNumber], [u].[PhoneNumberConfirmed], [u].[ProfileImagePath], [u].[SecurityStamp], [u].[TwoFactorEnabled], [u].[UpdatedAt], [u].[UserName]
FROM [Users] AS [u]
WHERE [u].[NormalizedEmail] = @__normalizedEmail_0
2026-06-06 08:03:37.005 +05:30 [INF] Executed DbCommand (3ms) [Parameters=[@__user_Id_0='?' (Size = 450)], CommandType='"Text"', CommandTimeout='30']
SELECT [u].[Id], [u].[ClaimType], [u].[ClaimValue], [u].[UserId]
FROM [UserClaims] AS [u]
WHERE [u].[UserId] = @__user_Id_0
2026-06-06 08:03:37.027 +05:30 [INF] Executed DbCommand (3ms) [Parameters=[@__userId_0='?' (Size = 450)], CommandType='"Text"', CommandTimeout='30']
SELECT [r].[Name]
FROM [UserRoles] AS [u]
INNER JOIN [Roles] AS [r] ON [u].[RoleId] = [r].[Id]
WHERE [u].[UserId] = @__userId_0
2026-06-06 08:03:37.032 +05:30 [INF] Executed DbCommand (2ms) [Parameters=[@__normalizedName_0='?' (Size = 256)], CommandType='"Text"', CommandTimeout='30']
SELECT TOP(1) [r].[Id], [r].[ConcurrencyStamp], [r].[Name], [r].[NormalizedName]
FROM [Roles] AS [r]
WHERE [r].[NormalizedName] = @__normalizedName_0
2026-06-06 08:03:37.042 +05:30 [INF] Executed DbCommand (2ms) [Parameters=[@__role_Id_0='?' (Size = 450)], CommandType='"Text"', CommandTimeout='30']
SELECT [r].[ClaimType], [r].[ClaimValue]
FROM [RoleClaims] AS [r]
WHERE [r].[RoleId] = @__role_Id_0
2026-06-06 08:03:37.047 +05:30 [INF] AuthenticationScheme: Identity.Application signed in.
2026-06-06 08:03:37.049 +05:30 [INF] Executed DbCommand (0ms) [Parameters=[@__normalizedUserName_0='?' (Size = 256)], CommandType='"Text"', CommandTimeout='30']
SELECT TOP(1) [u].[Id], [u].[AccessFailedCount], [u].[ConcurrencyStamp], [u].[CreatedAt], [u].[Email], [u].[EmailConfirmed], [u].[FirstName], [u].[IsActive], [u].[LastName], [u].[LockoutEnabled], [u].[LockoutEnd], [u].[NormalizedEmail], [u].[NormalizedUserName], [u].[PasswordHash], [u].[PhoneNumber], [u].[PhoneNumberConfirmed], [u].[ProfileImagePath], [u].[SecurityStamp], [u].[TwoFactorEnabled], [u].[UpdatedAt], [u].[UserName]
FROM [Users] AS [u]
WHERE [u].[NormalizedUserName] = @__normalizedUserName_0
2026-06-06 08:03:37.052 +05:30 [INF] Executed DbCommand (0ms) [Parameters=[@__normalizedEmail_0='?' (Size = 256)], CommandType='"Text"', CommandTimeout='30']
SELECT TOP(2) [u].[Id], [u].[AccessFailedCount], [u].[ConcurrencyStamp], [u].[CreatedAt], [u].[Email], [u].[EmailConfirmed], [u].[FirstName], [u].[IsActive], [u].[LastName], [u].[LockoutEnabled], [u].[LockoutEnd], [u].[NormalizedEmail], [u].[NormalizedUserName], [u].[PasswordHash], [u].[PhoneNumber], [u].[PhoneNumberConfirmed], [u].[ProfileImagePath], [u].[SecurityStamp], [u].[TwoFactorEnabled], [u].[UpdatedAt], [u].[UserName]
FROM [Users] AS [u]
WHERE [u].[NormalizedEmail] = @__normalizedEmail_0
2026-06-06 08:03:37.060 +05:30 [INF] Executed DbCommand (5ms) [Parameters=[@p20='?' (Size = 450), @p0='?' (DbType = Int32), @p1='?' (Size = 4000), @p21='?' (Size = 4000), @p2='?' (DbType = DateTime2), @p3='?' (Size = 256), @p4='?' (DbType = Boolean), @p5='?' (Size = 100), @p6='?' (DbType = Boolean), @p7='?' (Size = 100), @p8='?' (DbType = Boolean), @p9='?' (DbType = DateTimeOffset), @p10='?' (Size = 256), @p11='?' (Size = 256), @p12='?' (Size = 4000), @p13='?' (Size = 20), @p14='?' (DbType = Boolean), @p15='?' (Size = 500), @p16='?' (Size = 4000), @p17='?' (DbType = Boolean), @p18='?' (DbType = DateTime2), @p19='?' (Size = 256)], CommandType='"Text"', CommandTimeout='30']
SET IMPLICIT_TRANSACTIONS OFF;
SET NOCOUNT ON;
UPDATE [Users] SET [AccessFailedCount] = @p0, [ConcurrencyStamp] = @p1, [CreatedAt] = @p2, [Email] = @p3, [EmailConfirmed] = @p4, [FirstName] = @p5, [IsActive] = @p6, [LastName] = @p7, [LockoutEnabled] = @p8, [LockoutEnd] = @p9, [NormalizedEmail] = @p10, [NormalizedUserName] = @p11, [PasswordHash] = @p12, [PhoneNumber] = @p13, [PhoneNumberConfirmed] = @p14, [ProfileImagePath] = @p15, [SecurityStamp] = @p16, [TwoFactorEnabled] = @p17, [UpdatedAt] = @p18, [UserName] = @p19
OUTPUT 1
WHERE [Id] = @p20 AND [ConcurrencyStamp] = @p21;
2026-06-06 08:03:37.063 +05:30 [INF] User logged in: sarthak94056@gmail.com
2026-06-06 08:03:37.065 +05:30 [INF] Executed DbCommand (0ms) [Parameters=[@__normalizedEmail_0='?' (Size = 256)], CommandType='"Text"', CommandTimeout='30']
SELECT TOP(2) [u].[Id], [u].[AccessFailedCount], [u].[ConcurrencyStamp], [u].[CreatedAt], [u].[Email], [u].[EmailConfirmed], [u].[FirstName], [u].[IsActive], [u].[LastName], [u].[LockoutEnabled], [u].[LockoutEnd], [u].[NormalizedEmail], [u].[NormalizedUserName], [u].[PasswordHash], [u].[PhoneNumber], [u].[PhoneNumberConfirmed], [u].[ProfileImagePath], [u].[SecurityStamp], [u].[TwoFactorEnabled], [u].[UpdatedAt], [u].[UserName]
FROM [Users] AS [u]
WHERE [u].[NormalizedEmail] = @__normalizedEmail_0
2026-06-06 08:03:37.070 +05:30 [INF] Executed DbCommand (1ms) [Parameters=[@__userId_0='?' (Size = 450)], CommandType='"Text"', CommandTimeout='30']
SELECT [r].[Name]
FROM [UserRoles] AS [u]
INNER JOIN [Roles] AS [r] ON [u].[RoleId] = [r].[Id]
WHERE [u].[UserId] = @__userId_0
2026-06-06 08:03:37.072 +05:30 [INF] Executing RedirectResult, redirecting to /Recruiter/Dashboard.
2026-06-06 08:03:37.073 +05:30 [INF] Executed action AIResumeScreeningSystem.Controllers.AccountController.Login (AIResumeScreeningSystem) in 183.4334ms
2026-06-06 08:03:37.074 +05:30 [INF] Executed endpoint 'AIResumeScreeningSystem.Controllers.AccountController.Login (AIResumeScreeningSystem)'
2026-06-06 08:03:37.075 +05:30 [INF] Request finished HTTP/2 POST https://localhost:7170/Account/Login - 302 null null 248.011ms
2026-06-06 08:03:37.078 +05:30 [INF] Request starting HTTP/2 GET https://localhost:7170/Recruiter/Dashboard - null null
2026-06-06 08:03:37.085 +05:30 [INF] Executing endpoint 'AIResumeScreeningSystem.Controllers.RecruiterController.Dashboard (AIResumeScreeningSystem)'
2026-06-06 08:03:37.089 +05:30 [INF] Route matched with {action = "Dashboard", controller = "Recruiter"}. Executing controller action with signature System.Threading.Tasks.Task`1[Microsoft.AspNetCore.Mvc.IActionResult] Dashboard() on controller AIResumeScreeningSystem.Controllers.RecruiterController (AIResumeScreeningSystem).
2026-06-06 08:03:37.100 +05:30 [INF] Executed DbCommand (2ms) [Parameters=[@__p_0='?' (Size = 450)], CommandType='"Text"', CommandTimeout='30']
SELECT TOP(1) [u].[Id], [u].[AccessFailedCount], [u].[ConcurrencyStamp], [u].[CreatedAt], [u].[Email], [u].[EmailConfirmed], [u].[FirstName], [u].[IsActive], [u].[LastName], [u].[LockoutEnabled], [u].[LockoutEnd], [u].[NormalizedEmail], [u].[NormalizedUserName], [u].[PasswordHash], [u].[PhoneNumber], [u].[PhoneNumberConfirmed], [u].[ProfileImagePath], [u].[SecurityStamp], [u].[TwoFactorEnabled], [u].[UpdatedAt], [u].[UserName]
FROM [Users] AS [u]
WHERE [u].[Id] = @__p_0
2026-06-06 08:03:37.121 +05:30 [INF] Executed DbCommand (5ms) [Parameters=[@__recruiterId_0='?' (Size = 450)], CommandType='"Text"', CommandTimeout='30']
SELECT [j].[Id], [j].[Company], [j].[Department], [j].[Description], [j].[ExperienceYearsMax], [j].[ExperienceYearsMin], [j].[ExpiryDate], [j].[JobType], [j].[Location], [j].[PostedByUserId], [j].[PostedDate], [j].[Requirements], [j].[SalaryMax], [j].[SalaryMin], [j].[Status], [j].[Title], [j].[UpdatedAt]
FROM [Jobs] AS [j]
WHERE [j].[PostedByUserId] = @__recruiterId_0
2026-06-06 08:03:37.173 +05:30 [INF] Executed DbCommand (3ms) [Parameters=[], CommandType='"Text"', CommandTimeout='30']
SELECT [a].[Id], [a].[AIEvaluation], [a].[AIMatchScore], [a].[AppliedAt], [a].[CandidateId], [a].[JobId], [a].[MissingSkills], [a].[RankPosition], [a].[RecruiterNotes], [a].[ResumeId], [a].[ReviewedAt], [a].[ReviewedByUserId], [a].[SkillGapAnalysis], [a].[SkillMatchPercentage], [a].[Status], [a].[UpdatedAt], [c].[Id], [c].[CreatedAt], [c].[CurrentCompany], [c].[CurrentJobTitle], [c].[GitHubUrl], [c].[GraduationYear], [c].[Headline], [c].[HighestEducation], [c].[IsAvailable], [c].[LinkedInUrl], [c].[Location], [c].[PortfolioUrl], [c].[Summary], [c].[TotalExperienceYears], [c].[University], [c].[UpdatedAt], [c].[UserId], [u].[Id], [u].[AccessFailedCount], [u].[ConcurrencyStamp], [u].[CreatedAt], [u].[Email], [u].[EmailConfirmed], [u].[FirstName], [u].[IsActive], [u].[LastName], [u].[LockoutEnabled], [u].[LockoutEnd], [u].[NormalizedEmail], [u].[NormalizedUserName], [u].[PasswordHash], [u].[PhoneNumber], [u].[PhoneNumberConfirmed], [u].[ProfileImagePath], [u].[SecurityStamp], [u].[TwoFactorEnabled], [u].[UpdatedAt], [u].[UserName], [j].[Id], [j].[Company], [j].[Department], [j].[Description], [j].[ExperienceYearsMax], [j].[ExperienceYearsMin], [j].[ExpiryDate], [j].[JobType], [j].[Location], [j].[PostedByUserId], [j].[PostedDate], [j].[Requirements], [j].[SalaryMax], [j].[SalaryMin], [j].[Status], [j].[Title], [j].[UpdatedAt]
FROM [Applications] AS [a]
INNER JOIN [Candidates] AS [c] ON [a].[CandidateId] = [c].[Id]
INNER JOIN [Users] AS [u] ON [c].[UserId] = [u].[Id]
INNER JOIN [Jobs] AS [j] ON [a].[JobId] = [j].[Id]
WHERE 0 = 1
2026-06-06 08:03:37.182 +05:30 [INF] Executing ViewResult, running view Dashboard.
2026-06-06 08:03:37.201 +05:30 [INF] Executed DbCommand (0ms) [Parameters=[@__userId_0='?' (Size = 450)], CommandType='"Text"', CommandTimeout='30']
SELECT [r].[Name]
FROM [UserRoles] AS [u]
INNER JOIN [Roles] AS [r] ON [u].[RoleId] = [r].[Id]
WHERE [u].[UserId] = @__userId_0
2026-06-06 08:03:37.212 +05:30 [INF] Executed ViewResult - view Dashboard executed in 30.2645ms.
2026-06-06 08:03:37.213 +05:30 [INF] Executed action AIResumeScreeningSystem.Controllers.RecruiterController.Dashboard (AIResumeScreeningSystem) in 122.5662ms
2026-06-06 08:03:37.215 +05:30 [INF] Executed endpoint 'AIResumeScreeningSystem.Controllers.RecruiterController.Dashboard (AIResumeScreeningSystem)'
2026-06-06 08:03:37.216 +05:30 [INF] Request finished HTTP/2 GET https://localhost:7170/Recruiter/Dashboard - 200 null text/html; charset=utf-8 138.0551ms
2026-06-06 08:03:37.234 +05:30 [INF] Request starting HTTP/2 GET https://localhost:7170/_vs/browserLink - null null
2026-06-06 08:03:37.236 +05:30 [INF] Request starting HTTP/2 GET https://localhost:7170/_framework/aspnetcore-browser-refresh.js - null null
2026-06-06 08:03:37.240 +05:30 [INF] Request finished HTTP/2 GET https://localhost:7170/_framework/aspnetcore-browser-refresh.js - 200 14951 application/javascript; charset=utf-8 4.2722ms
2026-06-06 08:03:37.241 +05:30 [INF] Request finished HTTP/2 GET https://localhost:7170/_vs/browserLink - 200 null text/javascript; charset=UTF-8 6.9054ms
2026-06-06 08:04:00.519 +05:30 [INF] Request starting HTTP/2 GET https://localhost:7170/Application - null null
2026-06-06 08:04:00.531 +05:30 [INF] Executing endpoint 'AIResumeScreeningSystem.Controllers.ApplicationController.Index (AIResumeScreeningSystem)'
2026-06-06 08:04:00.538 +05:30 [INF] Route matched with {action = "Index", controller = "Application"}. Executing controller action with signature System.Threading.Tasks.Task`1[Microsoft.AspNetCore.Mvc.IActionResult] Index(Int32, System.String, System.Nullable`1[System.Decimal]) on controller AIResumeScreeningSystem.Controllers.ApplicationController (AIResumeScreeningSystem).
2026-06-06 08:04:00.589 +05:30 [INF] Executed DbCommand (8ms) [Parameters=[@__jobId_0='?' (DbType = Int32)], CommandType='"Text"', CommandTimeout='30']
SELECT [t].[Id], [t].[Company], [t].[Department], [t].[Description], [t].[ExperienceYearsMax], [t].[ExperienceYearsMin], [t].[ExpiryDate], [t].[JobType], [t].[Location], [t].[PostedByUserId], [t].[PostedDate], [t].[Requirements], [t].[SalaryMax], [t].[SalaryMin], [t].[Status], [t].[Title], [t].[UpdatedAt], [t0].[Id], [t0].[IsRequired], [t0].[JobId], [t0].[SkillId], [t0].[WeightagePercent], [t0].[Id0], [t0].[Category], [t0].[CreatedAt], [t0].[Description], [t0].[Name]
FROM (
    SELECT TOP(1) [j].[Id], [j].[Company], [j].[Department], [j].[Description], [j].[ExperienceYearsMax], [j].[ExperienceYearsMin], [j].[ExpiryDate], [j].[JobType], [j].[Location], [j].[PostedByUserId], [j].[PostedDate], [j].[Requirements], [j].[SalaryMax], [j].[SalaryMin], [j].[Status], [j].[Title], [j].[UpdatedAt]
    FROM [Jobs] AS [j]
    WHERE [j].[Id] = @__jobId_0
) AS [t]
LEFT JOIN (
    SELECT [j0].[Id], [j0].[IsRequired], [j0].[JobId], [j0].[SkillId], [j0].[WeightagePercent], [s].[Id] AS [Id0], [s].[Category], [s].[CreatedAt], [s].[Description], [s].[Name]
    FROM [JobSkills] AS [j0]
    INNER JOIN [Skills] AS [s] ON [j0].[SkillId] = [s].[Id]
) AS [t0] ON [t].[Id] = [t0].[JobId]
ORDER BY [t].[Id], [t0].[Id]
2026-06-06 08:04:00.618 +05:30 [INF] Executing ViewResult, running view Index.
2026-06-06 08:04:00.658 +05:30 [INF] Executed DbCommand (2ms) [Parameters=[@__p_0='?' (Size = 450)], CommandType='"Text"', CommandTimeout='30']
SELECT TOP(1) [u].[Id], [u].[AccessFailedCount], [u].[ConcurrencyStamp], [u].[CreatedAt], [u].[Email], [u].[EmailConfirmed], [u].[FirstName], [u].[IsActive], [u].[LastName], [u].[LockoutEnabled], [u].[LockoutEnd], [u].[NormalizedEmail], [u].[NormalizedUserName], [u].[PasswordHash], [u].[PhoneNumber], [u].[PhoneNumberConfirmed], [u].[ProfileImagePath], [u].[SecurityStamp], [u].[TwoFactorEnabled], [u].[UpdatedAt], [u].[UserName]
FROM [Users] AS [u]
WHERE [u].[Id] = @__p_0
2026-06-06 08:04:00.663 +05:30 [INF] Executed DbCommand (3ms) [Parameters=[@__userId_0='?' (Size = 450)], CommandType='"Text"', CommandTimeout='30']
SELECT [r].[Name]
FROM [UserRoles] AS [u]
INNER JOIN [Roles] AS [r] ON [u].[RoleId] = [r].[Id]
WHERE [u].[UserId] = @__userId_0
2026-06-06 08:04:00.666 +05:30 [INF] Executed ViewResult - view Index executed in 48.2555ms.
2026-06-06 08:04:00.667 +05:30 [INF] Executed action AIResumeScreeningSystem.Controllers.ApplicationController.Index (AIResumeScreeningSystem) in 126.9507ms
2026-06-06 08:04:00.668 +05:30 [INF] Executed endpoint 'AIResumeScreeningSystem.Controllers.ApplicationController.Index (AIResumeScreeningSystem)'
2026-06-06 08:04:00.670 +05:30 [INF] Request finished HTTP/2 GET https://localhost:7170/Application - 200 null text/html; charset=utf-8 150.3653ms
2026-06-06 08:04:00.686 +05:30 [INF] Request starting HTTP/2 GET https://localhost:7170/_framework/aspnetcore-browser-refresh.js - null null
2026-06-06 08:04:00.686 +05:30 [INF] Request starting HTTP/2 GET https://localhost:7170/_vs/browserLink - null null
2026-06-06 08:04:00.689 +05:30 [INF] Request finished HTTP/2 GET https://localhost:7170/_framework/aspnetcore-browser-refresh.js - 200 14951 application/javascript; charset=utf-8 3.3647ms
2026-06-06 08:04:00.695 +05:30 [INF] Request finished HTTP/2 GET https://localhost:7170/_vs/browserLink - 200 null text/javascript; charset=UTF-8 9.1772ms
2026-06-06 08:04:02.049 +05:30 [INF] Request starting HTTP/2 GET https://localhost:7170/Application/Shortlisted - null null
2026-06-06 08:04:02.058 +05:30 [INF] Executing endpoint 'AIResumeScreeningSystem.Controllers.ApplicationController.Shortlisted (AIResumeScreeningSystem)'
2026-06-06 08:04:02.062 +05:30 [INF] Route matched with {action = "Shortlisted", controller = "Application"}. Executing controller action with signature System.Threading.Tasks.Task`1[Microsoft.AspNetCore.Mvc.IActionResult] Shortlisted(System.Nullable`1[System.Int32]) on controller AIResumeScreeningSystem.Controllers.ApplicationController (AIResumeScreeningSystem).
2026-06-06 08:04:02.067 +05:30 [INF] Executed DbCommand (0ms) [Parameters=[@__p_0='?' (Size = 450)], CommandType='"Text"', CommandTimeout='30']
SELECT TOP(1) [u].[Id], [u].[AccessFailedCount], [u].[ConcurrencyStamp], [u].[CreatedAt], [u].[Email], [u].[EmailConfirmed], [u].[FirstName], [u].[IsActive], [u].[LastName], [u].[LockoutEnabled], [u].[LockoutEnd], [u].[NormalizedEmail], [u].[NormalizedUserName], [u].[PasswordHash], [u].[PhoneNumber], [u].[PhoneNumberConfirmed], [u].[ProfileImagePath], [u].[SecurityStamp], [u].[TwoFactorEnabled], [u].[UpdatedAt], [u].[UserName]
FROM [Users] AS [u]
WHERE [u].[Id] = @__p_0
2026-06-06 08:04:02.105 +05:30 [INF] Executed DbCommand (12ms) [Parameters=[@__user_Id_0='?' (Size = 450)], CommandType='"Text"', CommandTimeout='30']
SELECT [a].[Id], [a].[AIEvaluation], [a].[AIMatchScore], [a].[AppliedAt], [a].[CandidateId], [a].[JobId], [a].[MissingSkills], [a].[RankPosition], [a].[RecruiterNotes], [a].[ResumeId], [a].[ReviewedAt], [a].[ReviewedByUserId], [a].[SkillGapAnalysis], [a].[SkillMatchPercentage], [a].[Status], [a].[UpdatedAt], [j].[Id], [j].[Company], [j].[Department], [j].[Description], [j].[ExperienceYearsMax], [j].[ExperienceYearsMin], [j].[ExpiryDate], [j].[JobType], [j].[Location], [j].[PostedByUserId], [j].[PostedDate], [j].[Requirements], [j].[SalaryMax], [j].[SalaryMin], [j].[Status], [j].[Title], [j].[UpdatedAt], [c].[Id], [c].[CreatedAt], [c].[CurrentCompany], [c].[CurrentJobTitle], [c].[GitHubUrl], [c].[GraduationYear], [c].[Headline], [c].[HighestEducation], [c].[IsAvailable], [c].[LinkedInUrl], [c].[Location], [c].[PortfolioUrl], [c].[Summary], [c].[TotalExperienceYears], [c].[University], [c].[UpdatedAt], [c].[UserId], [u].[Id], [u].[AccessFailedCount], [u].[ConcurrencyStamp], [u].[CreatedAt], [u].[Email], [u].[EmailConfirmed], [u].[FirstName], [u].[IsActive], [u].[LastName], [u].[LockoutEnabled], [u].[LockoutEnd], [u].[NormalizedEmail], [u].[NormalizedUserName], [u].[PasswordHash], [u].[PhoneNumber], [u].[PhoneNumberConfirmed], [u].[ProfileImagePath], [u].[SecurityStamp], [u].[TwoFactorEnabled], [u].[UpdatedAt], [u].[UserName]
FROM [Applications] AS [a]
INNER JOIN [Jobs] AS [j] ON [a].[JobId] = [j].[Id]
INNER JOIN [Candidates] AS [c] ON [a].[CandidateId] = [c].[Id]
INNER JOIN [Users] AS [u] ON [c].[UserId] = [u].[Id]
WHERE [a].[Status] = 2 AND [j].[PostedByUserId] = @__user_Id_0
ORDER BY [a].[AIMatchScore] DESC
2026-06-06 08:04:02.110 +05:30 [INF] Executing ViewResult, running view Shortlisted.
2026-06-06 08:04:02.115 +05:30 [INF] Executed DbCommand (0ms) [Parameters=[@__userId_0='?' (Size = 450)], CommandType='"Text"', CommandTimeout='30']
SELECT [r].[Name]
FROM [UserRoles] AS [u]
INNER JOIN [Roles] AS [r] ON [u].[RoleId] = [r].[Id]
WHERE [u].[UserId] = @__userId_0
2026-06-06 08:04:02.117 +05:30 [INF] Executed ViewResult - view Shortlisted executed in 7.9473ms.
2026-06-06 08:04:02.118 +05:30 [INF] Executed action AIResumeScreeningSystem.Controllers.ApplicationController.Shortlisted (AIResumeScreeningSystem) in 54.9188ms
2026-06-06 08:04:02.120 +05:30 [INF] Executed endpoint 'AIResumeScreeningSystem.Controllers.ApplicationController.Shortlisted (AIResumeScreeningSystem)'
2026-06-06 08:04:02.121 +05:30 [INF] Request finished HTTP/2 GET https://localhost:7170/Application/Shortlisted - 200 null text/html; charset=utf-8 71.8781ms
2026-06-06 08:04:02.136 +05:30 [INF] Request starting HTTP/2 GET https://localhost:7170/_vs/browserLink - null null
2026-06-06 08:04:02.136 +05:30 [INF] Request starting HTTP/2 GET https://localhost:7170/_framework/aspnetcore-browser-refresh.js - null null
2026-06-06 08:04:02.141 +05:30 [INF] Request finished HTTP/2 GET https://localhost:7170/_framework/aspnetcore-browser-refresh.js - 200 14951 application/javascript; charset=utf-8 5.2031ms
2026-06-06 08:04:02.142 +05:30 [INF] Request finished HTTP/2 GET https://localhost:7170/_vs/browserLink - 200 null text/javascript; charset=UTF-8 6.1582ms
2026-06-06 08:04:03.481 +05:30 [INF] Request starting HTTP/2 GET https://localhost:7170/Application - null null
2026-06-06 08:04:03.485 +05:30 [INF] Executing endpoint 'AIResumeScreeningSystem.Controllers.ApplicationController.Index (AIResumeScreeningSystem)'
2026-06-06 08:04:03.487 +05:30 [INF] Route matched with {action = "Index", controller = "Application"}. Executing controller action with signature System.Threading.Tasks.Task`1[Microsoft.AspNetCore.Mvc.IActionResult] Index(Int32, System.String, System.Nullable`1[System.Decimal]) on controller AIResumeScreeningSystem.Controllers.ApplicationController (AIResumeScreeningSystem).
2026-06-06 08:04:03.495 +05:30 [INF] Executed DbCommand (0ms) [Parameters=[@__jobId_0='?' (DbType = Int32)], CommandType='"Text"', CommandTimeout='30']
SELECT [t].[Id], [t].[Company], [t].[Department], [t].[Description], [t].[ExperienceYearsMax], [t].[ExperienceYearsMin], [t].[ExpiryDate], [t].[JobType], [t].[Location], [t].[PostedByUserId], [t].[PostedDate], [t].[Requirements], [t].[SalaryMax], [t].[SalaryMin], [t].[Status], [t].[Title], [t].[UpdatedAt], [t0].[Id], [t0].[IsRequired], [t0].[JobId], [t0].[SkillId], [t0].[WeightagePercent], [t0].[Id0], [t0].[Category], [t0].[CreatedAt], [t0].[Description], [t0].[Name]
FROM (
    SELECT TOP(1) [j].[Id], [j].[Company], [j].[Department], [j].[Description], [j].[ExperienceYearsMax], [j].[ExperienceYearsMin], [j].[ExpiryDate], [j].[JobType], [j].[Location], [j].[PostedByUserId], [j].[PostedDate], [j].[Requirements], [j].[SalaryMax], [j].[SalaryMin], [j].[Status], [j].[Title], [j].[UpdatedAt]
    FROM [Jobs] AS [j]
    WHERE [j].[Id] = @__jobId_0
) AS [t]
LEFT JOIN (
    SELECT [j0].[Id], [j0].[IsRequired], [j0].[JobId], [j0].[SkillId], [j0].[WeightagePercent], [s].[Id] AS [Id0], [s].[Category], [s].[CreatedAt], [s].[Description], [s].[Name]
    FROM [JobSkills] AS [j0]
    INNER JOIN [Skills] AS [s] ON [j0].[SkillId] = [s].[Id]
) AS [t0] ON [t].[Id] = [t0].[JobId]
ORDER BY [t].[Id], [t0].[Id]
2026-06-06 08:04:03.497 +05:30 [INF] Executing ViewResult, running view Index.
2026-06-06 08:04:03.499 +05:30 [INF] Executed DbCommand (0ms) [Parameters=[@__p_0='?' (Size = 450)], CommandType='"Text"', CommandTimeout='30']
SELECT TOP(1) [u].[Id], [u].[AccessFailedCount], [u].[ConcurrencyStamp], [u].[CreatedAt], [u].[Email], [u].[EmailConfirmed], [u].[FirstName], [u].[IsActive], [u].[LastName], [u].[LockoutEnabled], [u].[LockoutEnd], [u].[NormalizedEmail], [u].[NormalizedUserName], [u].[PasswordHash], [u].[PhoneNumber], [u].[PhoneNumberConfirmed], [u].[ProfileImagePath], [u].[SecurityStamp], [u].[TwoFactorEnabled], [u].[UpdatedAt], [u].[UserName]
FROM [Users] AS [u]
WHERE [u].[Id] = @__p_0
2026-06-06 08:04:03.502 +05:30 [INF] Executed DbCommand (0ms) [Parameters=[@__userId_0='?' (Size = 450)], CommandType='"Text"', CommandTimeout='30']
SELECT [r].[Name]
FROM [UserRoles] AS [u]
INNER JOIN [Roles] AS [r] ON [u].[RoleId] = [r].[Id]
WHERE [u].[UserId] = @__userId_0
2026-06-06 08:04:03.505 +05:30 [INF] Executed ViewResult - view Index executed in 8.4959ms.
2026-06-06 08:04:03.507 +05:30 [INF] Executed action AIResumeScreeningSystem.Controllers.ApplicationController.Index (AIResumeScreeningSystem) in 17.6102ms
2026-06-06 08:04:03.508 +05:30 [INF] Executed endpoint 'AIResumeScreeningSystem.Controllers.ApplicationController.Index (AIResumeScreeningSystem)'
2026-06-06 08:04:03.510 +05:30 [INF] Request finished HTTP/2 GET https://localhost:7170/Application - 200 null text/html; charset=utf-8 29.0185ms
2026-06-06 08:04:03.529 +05:30 [INF] Request starting HTTP/2 GET https://localhost:7170/_vs/browserLink - null null
2026-06-06 08:04:03.529 +05:30 [INF] Request starting HTTP/2 GET https://localhost:7170/_framework/aspnetcore-browser-refresh.js - null null
2026-06-06 08:04:03.534 +05:30 [INF] Request finished HTTP/2 GET https://localhost:7170/_framework/aspnetcore-browser-refresh.js - 200 14951 application/javascript; charset=utf-8 4.8604ms
2026-06-06 08:04:03.535 +05:30 [INF] Request finished HTTP/2 GET https://localhost:7170/_vs/browserLink - 200 null text/javascript; charset=UTF-8 5.6992ms
2026-06-06 08:04:09.373 +05:30 [INF] Request starting HTTP/2 GET https://localhost:7170/Application/Shortlisted - null null
2026-06-06 08:04:09.380 +05:30 [INF] Executing endpoint 'AIResumeScreeningSystem.Controllers.ApplicationController.Shortlisted (AIResumeScreeningSystem)'
2026-06-06 08:04:09.381 +05:30 [INF] Route matched with {action = "Shortlisted", controller = "Application"}. Executing controller action with signature System.Threading.Tasks.Task`1[Microsoft.AspNetCore.Mvc.IActionResult] Shortlisted(System.Nullable`1[System.Int32]) on controller AIResumeScreeningSystem.Controllers.ApplicationController (AIResumeScreeningSystem).
2026-06-06 08:04:09.383 +05:30 [INF] Executed DbCommand (0ms) [Parameters=[@__p_0='?' (Size = 450)], CommandType='"Text"', CommandTimeout='30']
SELECT TOP(1) [u].[Id], [u].[AccessFailedCount], [u].[ConcurrencyStamp], [u].[CreatedAt], [u].[Email], [u].[EmailConfirmed], [u].[FirstName], [u].[IsActive], [u].[LastName], [u].[LockoutEnabled], [u].[LockoutEnd], [u].[NormalizedEmail], [u].[NormalizedUserName], [u].[PasswordHash], [u].[PhoneNumber], [u].[PhoneNumberConfirmed], [u].[ProfileImagePath], [u].[SecurityStamp], [u].[TwoFactorEnabled], [u].[UpdatedAt], [u].[UserName]
FROM [Users] AS [u]
WHERE [u].[Id] = @__p_0
2026-06-06 08:04:09.386 +05:30 [INF] Executed DbCommand (0ms) [Parameters=[@__user_Id_0='?' (Size = 450)], CommandType='"Text"', CommandTimeout='30']
SELECT [a].[Id], [a].[AIEvaluation], [a].[AIMatchScore], [a].[AppliedAt], [a].[CandidateId], [a].[JobId], [a].[MissingSkills], [a].[RankPosition], [a].[RecruiterNotes], [a].[ResumeId], [a].[ReviewedAt], [a].[ReviewedByUserId], [a].[SkillGapAnalysis], [a].[SkillMatchPercentage], [a].[Status], [a].[UpdatedAt], [j].[Id], [j].[Company], [j].[Department], [j].[Description], [j].[ExperienceYearsMax], [j].[ExperienceYearsMin], [j].[ExpiryDate], [j].[JobType], [j].[Location], [j].[PostedByUserId], [j].[PostedDate], [j].[Requirements], [j].[SalaryMax], [j].[SalaryMin], [j].[Status], [j].[Title], [j].[UpdatedAt], [c].[Id], [c].[CreatedAt], [c].[CurrentCompany], [c].[CurrentJobTitle], [c].[GitHubUrl], [c].[GraduationYear], [c].[Headline], [c].[HighestEducation], [c].[IsAvailable], [c].[LinkedInUrl], [c].[Location], [c].[PortfolioUrl], [c].[Summary], [c].[TotalExperienceYears], [c].[University], [c].[UpdatedAt], [c].[UserId], [u].[Id], [u].[AccessFailedCount], [u].[ConcurrencyStamp], [u].[CreatedAt], [u].[Email], [u].[EmailConfirmed], [u].[FirstName], [u].[IsActive], [u].[LastName], [u].[LockoutEnabled], [u].[LockoutEnd], [u].[NormalizedEmail], [u].[NormalizedUserName], [u].[PasswordHash], [u].[PhoneNumber], [u].[PhoneNumberConfirmed], [u].[ProfileImagePath], [u].[SecurityStamp], [u].[TwoFactorEnabled], [u].[UpdatedAt], [u].[UserName]
FROM [Applications] AS [a]
INNER JOIN [Jobs] AS [j] ON [a].[JobId] = [j].[Id]
INNER JOIN [Candidates] AS [c] ON [a].[CandidateId] = [c].[Id]
INNER JOIN [Users] AS [u] ON [c].[UserId] = [u].[Id]
WHERE [a].[Status] = 2 AND [j].[PostedByUserId] = @__user_Id_0
ORDER BY [a].[AIMatchScore] DESC
2026-06-06 08:04:09.389 +05:30 [INF] Executing ViewResult, running view Shortlisted.
2026-06-06 08:04:09.391 +05:30 [INF] Executed DbCommand (0ms) [Parameters=[@__userId_0='?' (Size = 450)], CommandType='"Text"', CommandTimeout='30']
SELECT [r].[Name]
FROM [UserRoles] AS [u]
INNER JOIN [Roles] AS [r] ON [u].[RoleId] = [r].[Id]
WHERE [u].[UserId] = @__userId_0
2026-06-06 08:04:09.393 +05:30 [INF] Executed ViewResult - view Shortlisted executed in 4.6236ms.
2026-06-06 08:04:09.394 +05:30 [INF] Executed action AIResumeScreeningSystem.Controllers.ApplicationController.Shortlisted (AIResumeScreeningSystem) in 12.5628ms
2026-06-06 08:04:09.396 +05:30 [INF] Executed endpoint 'AIResumeScreeningSystem.Controllers.ApplicationController.Shortlisted (AIResumeScreeningSystem)'
2026-06-06 08:04:09.397 +05:30 [INF] Request finished HTTP/2 GET https://localhost:7170/Application/Shortlisted - 200 null text/html; charset=utf-8 23.6518ms
2026-06-06 08:04:09.414 +05:30 [INF] Request starting HTTP/2 GET https://localhost:7170/_vs/browserLink - null null
2026-06-06 08:04:09.415 +05:30 [INF] Request starting HTTP/2 GET https://localhost:7170/_framework/aspnetcore-browser-refresh.js - null null
2026-06-06 08:04:09.420 +05:30 [INF] Request finished HTTP/2 GET https://localhost:7170/_framework/aspnetcore-browser-refresh.js - 200 14951 application/javascript; charset=utf-8 5.1933ms
2026-06-06 08:04:09.420 +05:30 [INF] Request finished HTTP/2 GET https://localhost:7170/_vs/browserLink - 200 null text/javascript; charset=UTF-8 6.2245ms
2026-06-06 08:04:10.931 +05:30 [INF] Request starting HTTP/2 GET https://localhost:7170/Report - null null
2026-06-06 08:04:10.936 +05:30 [INF] Request finished HTTP/2 GET https://localhost:7170/Report - 404 null null 5.0133ms
2026-06-06 08:04:10.940 +05:30 [INF] Request reached the end of the middleware pipeline without being handled by application code. Request path: GET https://localhost:7170/Report, Response status code: 404
2026-06-06 08:04:13.075 +05:30 [INF] Request starting HTTP/2 GET https://localhost:7170/Application/Shortlisted - null null
2026-06-06 08:04:13.079 +05:30 [INF] Executing endpoint 'AIResumeScreeningSystem.Controllers.ApplicationController.Shortlisted (AIResumeScreeningSystem)'
2026-06-06 08:04:13.080 +05:30 [INF] Route matched with {action = "Shortlisted", controller = "Application"}. Executing controller action with signature System.Threading.Tasks.Task`1[Microsoft.AspNetCore.Mvc.IActionResult] Shortlisted(System.Nullable`1[System.Int32]) on controller AIResumeScreeningSystem.Controllers.ApplicationController (AIResumeScreeningSystem).
2026-06-06 08:04:13.084 +05:30 [INF] Executed DbCommand (1ms) [Parameters=[@__p_0='?' (Size = 450)], CommandType='"Text"', CommandTimeout='30']
SELECT TOP(1) [u].[Id], [u].[AccessFailedCount], [u].[ConcurrencyStamp], [u].[CreatedAt], [u].[Email], [u].[EmailConfirmed], [u].[FirstName], [u].[IsActive], [u].[LastName], [u].[LockoutEnabled], [u].[LockoutEnd], [u].[NormalizedEmail], [u].[NormalizedUserName], [u].[PasswordHash], [u].[PhoneNumber], [u].[PhoneNumberConfirmed], [u].[ProfileImagePath], [u].[SecurityStamp], [u].[TwoFactorEnabled], [u].[UpdatedAt], [u].[UserName]
FROM [Users] AS [u]
WHERE [u].[Id] = @__p_0
2026-06-06 08:04:13.089 +05:30 [INF] Executed DbCommand (1ms) [Parameters=[@__user_Id_0='?' (Size = 450)], CommandType='"Text"', CommandTimeout='30']
SELECT [a].[Id], [a].[AIEvaluation], [a].[AIMatchScore], [a].[AppliedAt], [a].[CandidateId], [a].[JobId], [a].[MissingSkills], [a].[RankPosition], [a].[RecruiterNotes], [a].[ResumeId], [a].[ReviewedAt], [a].[ReviewedByUserId], [a].[SkillGapAnalysis], [a].[SkillMatchPercentage], [a].[Status], [a].[UpdatedAt], [j].[Id], [j].[Company], [j].[Department], [j].[Description], [j].[ExperienceYearsMax], [j].[ExperienceYearsMin], [j].[ExpiryDate], [j].[JobType], [j].[Location], [j].[PostedByUserId], [j].[PostedDate], [j].[Requirements], [j].[SalaryMax], [j].[SalaryMin], [j].[Status], [j].[Title], [j].[UpdatedAt], [c].[Id], [c].[CreatedAt], [c].[CurrentCompany], [c].[CurrentJobTitle], [c].[GitHubUrl], [c].[GraduationYear], [c].[Headline], [c].[HighestEducation], [c].[IsAvailable], [c].[LinkedInUrl], [c].[Location], [c].[PortfolioUrl], [c].[Summary], [c].[TotalExperienceYears], [c].[University], [c].[UpdatedAt], [c].[UserId], [u].[Id], [u].[AccessFailedCount], [u].[ConcurrencyStamp], [u].[CreatedAt], [u].[Email], [u].[EmailConfirmed], [u].[FirstName], [u].[IsActive], [u].[LastName], [u].[LockoutEnabled], [u].[LockoutEnd], [u].[NormalizedEmail], [u].[NormalizedUserName], [u].[PasswordHash], [u].[PhoneNumber], [u].[PhoneNumberConfirmed], [u].[ProfileImagePath], [u].[SecurityStamp], [u].[TwoFactorEnabled], [u].[UpdatedAt], [u].[UserName]
FROM [Applications] AS [a]
INNER JOIN [Jobs] AS [j] ON [a].[JobId] = [j].[Id]
INNER JOIN [Candidates] AS [c] ON [a].[CandidateId] = [c].[Id]
INNER JOIN [Users] AS [u] ON [c].[UserId] = [u].[Id]
WHERE [a].[Status] = 2 AND [j].[PostedByUserId] = @__user_Id_0
ORDER BY [a].[AIMatchScore] DESC
2026-06-06 08:04:13.091 +05:30 [INF] Executing ViewResult, running view Shortlisted.
2026-06-06 08:04:13.094 +05:30 [INF] Executed DbCommand (0ms) [Parameters=[@__userId_0='?' (Size = 450)], CommandType='"Text"', CommandTimeout='30']
SELECT [r].[Name]
FROM [UserRoles] AS [u]
INNER JOIN [Roles] AS [r] ON [u].[RoleId] = [r].[Id]
WHERE [u].[UserId] = @__userId_0
2026-06-06 08:04:13.096 +05:30 [INF] Executed ViewResult - view Shortlisted executed in 4.8057ms.
2026-06-06 08:04:13.098 +05:30 [INF] Executed action AIResumeScreeningSystem.Controllers.ApplicationController.Shortlisted (AIResumeScreeningSystem) in 15.1364ms
2026-06-06 08:04:13.099 +05:30 [INF] Executed endpoint 'AIResumeScreeningSystem.Controllers.ApplicationController.Shortlisted (AIResumeScreeningSystem)'
2026-06-06 08:04:13.100 +05:30 [INF] Request finished HTTP/2 GET https://localhost:7170/Application/Shortlisted - 200 null text/html; charset=utf-8 25.9174ms
2026-06-06 08:04:13.125 +05:30 [INF] Request starting HTTP/2 GET https://localhost:7170/_framework/aspnetcore-browser-refresh.js - null null
2026-06-06 08:04:13.128 +05:30 [INF] Request finished HTTP/2 GET https://localhost:7170/_framework/aspnetcore-browser-refresh.js - 200 14951 application/javascript; charset=utf-8 3.1319ms
2026-06-06 08:04:14.306 +05:30 [INF] Request starting HTTP/2 GET https://localhost:7170/Job/Create - null null
2026-06-06 08:04:14.313 +05:30 [INF] Executing endpoint 'AIResumeScreeningSystem.Controllers.JobController.Create (AIResumeScreeningSystem)'
2026-06-06 08:04:14.316 +05:30 [INF] Route matched with {action = "Create", controller = "Job"}. Executing controller action with signature System.Threading.Tasks.Task`1[Microsoft.AspNetCore.Mvc.IActionResult] Create() on controller AIResumeScreeningSystem.Controllers.JobController (AIResumeScreeningSystem).
2026-06-06 08:04:14.328 +05:30 [INF] Executed DbCommand (4ms) [Parameters=[], CommandType='"Text"', CommandTimeout='30']
SELECT [s].[Id], [s].[Category], [s].[CreatedAt], [s].[Description], [s].[Name]
FROM [Skills] AS [s]
ORDER BY [s].[Name]
2026-06-06 08:04:14.343 +05:30 [INF] Executing ViewResult, running view Create.
2026-06-06 08:04:14.423 +05:30 [INF] Executed DbCommand (0ms) [Parameters=[@__p_0='?' (Size = 450)], CommandType='"Text"', CommandTimeout='30']
SELECT TOP(1) [u].[Id], [u].[AccessFailedCount], [u].[ConcurrencyStamp], [u].[CreatedAt], [u].[Email], [u].[EmailConfirmed], [u].[FirstName], [u].[IsActive], [u].[LastName], [u].[LockoutEnabled], [u].[LockoutEnd], [u].[NormalizedEmail], [u].[NormalizedUserName], [u].[PasswordHash], [u].[PhoneNumber], [u].[PhoneNumberConfirmed], [u].[ProfileImagePath], [u].[SecurityStamp], [u].[TwoFactorEnabled], [u].[UpdatedAt], [u].[UserName]
FROM [Users] AS [u]
WHERE [u].[Id] = @__p_0
2026-06-06 08:04:14.426 +05:30 [INF] Executed DbCommand (0ms) [Parameters=[@__userId_0='?' (Size = 450)], CommandType='"Text"', CommandTimeout='30']
SELECT [r].[Name]
FROM [UserRoles] AS [u]
INNER JOIN [Roles] AS [r] ON [u].[RoleId] = [r].[Id]
WHERE [u].[UserId] = @__userId_0
2026-06-06 08:04:14.430 +05:30 [INF] Executed ViewResult - view Create executed in 88.0694ms.
2026-06-06 08:04:14.432 +05:30 [INF] Executed action AIResumeScreeningSystem.Controllers.JobController.Create (AIResumeScreeningSystem) in 113.7651ms
2026-06-06 08:04:14.433 +05:30 [INF] Executed endpoint 'AIResumeScreeningSystem.Controllers.JobController.Create (AIResumeScreeningSystem)'
2026-06-06 08:04:14.434 +05:30 [INF] Request finished HTTP/2 GET https://localhost:7170/Job/Create - 200 null text/html; charset=utf-8 128.4185ms
2026-06-06 08:04:14.450 +05:30 [INF] Request starting HTTP/2 GET https://localhost:7170/_framework/aspnetcore-browser-refresh.js - null null
2026-06-06 08:04:14.450 +05:30 [INF] Request starting HTTP/2 GET https://localhost:7170/_vs/browserLink - null null
2026-06-06 08:04:14.453 +05:30 [INF] Request finished HTTP/2 GET https://localhost:7170/_framework/aspnetcore-browser-refresh.js - 200 14951 application/javascript; charset=utf-8 2.9015ms
2026-06-06 08:04:14.460 +05:30 [INF] Request finished HTTP/2 GET https://localhost:7170/_vs/browserLink - 200 null text/javascript; charset=UTF-8 10.2668ms
2026-06-06 08:04:16.145 +05:30 [INF] Request starting HTTP/2 GET https://localhost:7170/Job - null null
2026-06-06 08:04:16.149 +05:30 [INF] Executing endpoint 'AIResumeScreeningSystem.Controllers.JobController.Index (AIResumeScreeningSystem)'
2026-06-06 08:04:16.155 +05:30 [INF] Route matched with {action = "Index", controller = "Job"}. Executing controller action with signature System.Threading.Tasks.Task`1[Microsoft.AspNetCore.Mvc.IActionResult] Index(AIResumeScreeningSystem.ViewModels.Job.JobSearchViewModel) on controller AIResumeScreeningSystem.Controllers.JobController (AIResumeScreeningSystem).
2026-06-06 08:04:16.162 +05:30 [INF] Executed DbCommand (0ms) [Parameters=[@__p_0='?' (Size = 450)], CommandType='"Text"', CommandTimeout='30']
SELECT TOP(1) [u].[Id], [u].[AccessFailedCount], [u].[ConcurrencyStamp], [u].[CreatedAt], [u].[Email], [u].[EmailConfirmed], [u].[FirstName], [u].[IsActive], [u].[LastName], [u].[LockoutEnabled], [u].[LockoutEnd], [u].[NormalizedEmail], [u].[NormalizedUserName], [u].[PasswordHash], [u].[PhoneNumber], [u].[PhoneNumberConfirmed], [u].[ProfileImagePath], [u].[SecurityStamp], [u].[TwoFactorEnabled], [u].[UpdatedAt], [u].[UserName]
FROM [Users] AS [u]
WHERE [u].[Id] = @__p_0
2026-06-06 08:04:16.196 +05:30 [INF] Executed DbCommand (2ms) [Parameters=[@__postedByUserId_0='?' (Size = 450)], CommandType='"Text"', CommandTimeout='30']
SELECT COUNT(*)
FROM [Jobs] AS [j]
WHERE [j].[PostedByUserId] = @__postedByUserId_0
2026-06-06 08:04:16.220 +05:30 [WRN] Compiling a query which loads related collections for more than one collection navigation, either via 'Include' or through projection, but no 'QuerySplittingBehavior' has been configured. By default, Entity Framework will use 'QuerySplittingBehavior.SingleQuery', which can potentially result in slow query performance. See https://go.microsoft.com/fwlink/?linkid=2134277 for more information. To identify the query that's triggering this warning call 'ConfigureWarnings(w => w.Throw(RelationalEventId.MultipleCollectionIncludeWarning))'.
2026-06-06 08:04:16.252 +05:30 [INF] Executed DbCommand (24ms) [Parameters=[@__postedByUserId_0='?' (Size = 450), @__p_1='?' (DbType = Int32), @__p_2='?' (DbType = Int32)], CommandType='"Text"', CommandTimeout='30']
SELECT [t].[Id], [t].[Company], [t].[Department], [t].[Description], [t].[ExperienceYearsMax], [t].[ExperienceYearsMin], [t].[ExpiryDate], [t].[JobType], [t].[Location], [t].[PostedByUserId], [t].[PostedDate], [t].[Requirements], [t].[SalaryMax], [t].[SalaryMin], [t].[Status], [t].[Title], [t].[UpdatedAt], [u].[Id], [u].[AccessFailedCount], [u].[ConcurrencyStamp], [u].[CreatedAt], [u].[Email], [u].[EmailConfirmed], [u].[FirstName], [u].[IsActive], [u].[LastName], [u].[LockoutEnabled], [u].[LockoutEnd], [u].[NormalizedEmail], [u].[NormalizedUserName], [u].[PasswordHash], [u].[PhoneNumber], [u].[PhoneNumberConfirmed], [u].[ProfileImagePath], [u].[SecurityStamp], [u].[TwoFactorEnabled], [u].[UpdatedAt], [u].[UserName], [t0].[Id], [t0].[IsRequired], [t0].[JobId], [t0].[SkillId], [t0].[WeightagePercent], [t0].[Id0], [t0].[Category], [t0].[CreatedAt], [t0].[Description], [t0].[Name], [a].[Id], [a].[AIEvaluation], [a].[AIMatchScore], [a].[AppliedAt], [a].[CandidateId], [a].[JobId], [a].[MissingSkills], [a].[RankPosition], [a].[RecruiterNotes], [a].[ResumeId], [a].[ReviewedAt], [a].[ReviewedByUserId], [a].[SkillGapAnalysis], [a].[SkillMatchPercentage], [a].[Status], [a].[UpdatedAt]
FROM (
    SELECT [j].[Id], [j].[Company], [j].[Department], [j].[Description], [j].[ExperienceYearsMax], [j].[ExperienceYearsMin], [j].[ExpiryDate], [j].[JobType], [j].[Location], [j].[PostedByUserId], [j].[PostedDate], [j].[Requirements], [j].[SalaryMax], [j].[SalaryMin], [j].[Status], [j].[Title], [j].[UpdatedAt]
    FROM [Jobs] AS [j]
    WHERE [j].[PostedByUserId] = @__postedByUserId_0
    ORDER BY [j].[PostedDate] DESC
    OFFSET @__p_1 ROWS FETCH NEXT @__p_2 ROWS ONLY
) AS [t]
INNER JOIN [Users] AS [u] ON [t].[PostedByUserId] = [u].[Id]
LEFT JOIN (
    SELECT [j0].[Id], [j0].[IsRequired], [j0].[JobId], [j0].[SkillId], [j0].[WeightagePercent], [s].[Id] AS [Id0], [s].[Category], [s].[CreatedAt], [s].[Description], [s].[Name]
    FROM [JobSkills] AS [j0]
    INNER JOIN [Skills] AS [s] ON [j0].[SkillId] = [s].[Id]
) AS [t0] ON [t].[Id] = [t0].[JobId]
LEFT JOIN [Applications] AS [a] ON [t].[Id] = [a].[JobId]
ORDER BY [t].[PostedDate] DESC, [t].[Id], [u].[Id], [t0].[Id], [t0].[Id0]
2026-06-06 08:04:16.261 +05:30 [INF] Executed DbCommand (2ms) [Parameters=[@__postedByUserId_0='?' (Size = 450)], CommandType='"Text"', CommandTimeout='30']
SELECT [j].[Id], [j].[Company], [j].[Department], [j].[Description], [j].[ExperienceYearsMax], [j].[ExperienceYearsMin], [j].[ExpiryDate], [j].[JobType], [j].[Location], [j].[PostedByUserId], [j].[PostedDate], [j].[Requirements], [j].[SalaryMax], [j].[SalaryMin], [j].[Status], [j].[Title], [j].[UpdatedAt]
FROM [Jobs] AS [j]
WHERE [j].[PostedByUserId] = @__postedByUserId_0
2026-06-06 08:04:16.274 +05:30 [INF] Executed DbCommand (5ms) [Parameters=[@__postedByUserId_0='?' (Size = 450)], CommandType='"Text"', CommandTimeout='30']
SELECT COUNT(*)
FROM [Applications] AS [a]
INNER JOIN [Jobs] AS [j] ON [a].[JobId] = [j].[Id]
WHERE [j].[PostedByUserId] = @__postedByUserId_0
2026-06-06 08:04:16.276 +05:30 [INF] Executing ViewResult, running view Index.
2026-06-06 08:04:16.304 +05:30 [INF] Executed DbCommand (1ms) [Parameters=[@__userId_0='?' (Size = 450)], CommandType='"Text"', CommandTimeout='30']
SELECT [r].[Name]
FROM [UserRoles] AS [u]
INNER JOIN [Roles] AS [r] ON [u].[RoleId] = [r].[Id]
WHERE [u].[UserId] = @__userId_0
2026-06-06 08:04:16.307 +05:30 [INF] Executed ViewResult - view Index executed in 31.1875ms.
2026-06-06 08:04:16.308 +05:30 [INF] Executed action AIResumeScreeningSystem.Controllers.JobController.Index (AIResumeScreeningSystem) in 151.3686ms
2026-06-06 08:04:16.309 +05:30 [INF] Executed endpoint 'AIResumeScreeningSystem.Controllers.JobController.Index (AIResumeScreeningSystem)'
2026-06-06 08:04:16.310 +05:30 [INF] Request finished HTTP/2 GET https://localhost:7170/Job - 200 null text/html; charset=utf-8 165.5781ms
2026-06-06 08:04:16.328 +05:30 [INF] Request starting HTTP/2 GET https://localhost:7170/_framework/aspnetcore-browser-refresh.js - null null
2026-06-06 08:04:16.328 +05:30 [INF] Request starting HTTP/2 GET https://localhost:7170/_vs/browserLink - null null
2026-06-06 08:04:16.331 +05:30 [INF] Request finished HTTP/2 GET https://localhost:7170/_framework/aspnetcore-browser-refresh.js - 200 14951 application/javascript; charset=utf-8 2.4876ms
2026-06-06 08:04:16.336 +05:30 [INF] Request finished HTTP/2 GET https://localhost:7170/_vs/browserLink - 200 null text/javascript; charset=UTF-8 7.6676ms
2026-06-06 08:04:18.340 +05:30 [INF] Request starting HTTP/2 GET https://localhost:7170/Recruiter/Dashboard - null null
2026-06-06 08:04:18.346 +05:30 [INF] Executing endpoint 'AIResumeScreeningSystem.Controllers.RecruiterController.Dashboard (AIResumeScreeningSystem)'
2026-06-06 08:04:18.347 +05:30 [INF] Route matched with {action = "Dashboard", controller = "Recruiter"}. Executing controller action with signature System.Threading.Tasks.Task`1[Microsoft.AspNetCore.Mvc.IActionResult] Dashboard() on controller AIResumeScreeningSystem.Controllers.RecruiterController (AIResumeScreeningSystem).
2026-06-06 08:04:18.350 +05:30 [INF] Executed DbCommand (0ms) [Parameters=[@__p_0='?' (Size = 450)], CommandType='"Text"', CommandTimeout='30']
SELECT TOP(1) [u].[Id], [u].[AccessFailedCount], [u].[ConcurrencyStamp], [u].[CreatedAt], [u].[Email], [u].[EmailConfirmed], [u].[FirstName], [u].[IsActive], [u].[LastName], [u].[LockoutEnabled], [u].[LockoutEnd], [u].[NormalizedEmail], [u].[NormalizedUserName], [u].[PasswordHash], [u].[PhoneNumber], [u].[PhoneNumberConfirmed], [u].[ProfileImagePath], [u].[SecurityStamp], [u].[TwoFactorEnabled], [u].[UpdatedAt], [u].[UserName]
FROM [Users] AS [u]
WHERE [u].[Id] = @__p_0
2026-06-06 08:04:18.355 +05:30 [INF] Executed DbCommand (2ms) [Parameters=[@__recruiterId_0='?' (Size = 450)], CommandType='"Text"', CommandTimeout='30']
SELECT [j].[Id], [j].[Company], [j].[Department], [j].[Description], [j].[ExperienceYearsMax], [j].[ExperienceYearsMin], [j].[ExpiryDate], [j].[JobType], [j].[Location], [j].[PostedByUserId], [j].[PostedDate], [j].[Requirements], [j].[SalaryMax], [j].[SalaryMin], [j].[Status], [j].[Title], [j].[UpdatedAt]
FROM [Jobs] AS [j]
WHERE [j].[PostedByUserId] = @__recruiterId_0
2026-06-06 08:04:18.359 +05:30 [INF] Executed DbCommand (2ms) [Parameters=[], CommandType='"Text"', CommandTimeout='30']
SELECT [a].[Id], [a].[AIEvaluation], [a].[AIMatchScore], [a].[AppliedAt], [a].[CandidateId], [a].[JobId], [a].[MissingSkills], [a].[RankPosition], [a].[RecruiterNotes], [a].[ResumeId], [a].[ReviewedAt], [a].[ReviewedByUserId], [a].[SkillGapAnalysis], [a].[SkillMatchPercentage], [a].[Status], [a].[UpdatedAt], [c].[Id], [c].[CreatedAt], [c].[CurrentCompany], [c].[CurrentJobTitle], [c].[GitHubUrl], [c].[GraduationYear], [c].[Headline], [c].[HighestEducation], [c].[IsAvailable], [c].[LinkedInUrl], [c].[Location], [c].[PortfolioUrl], [c].[Summary], [c].[TotalExperienceYears], [c].[University], [c].[UpdatedAt], [c].[UserId], [u].[Id], [u].[AccessFailedCount], [u].[ConcurrencyStamp], [u].[CreatedAt], [u].[Email], [u].[EmailConfirmed], [u].[FirstName], [u].[IsActive], [u].[LastName], [u].[LockoutEnabled], [u].[LockoutEnd], [u].[NormalizedEmail], [u].[NormalizedUserName], [u].[PasswordHash], [u].[PhoneNumber], [u].[PhoneNumberConfirmed], [u].[ProfileImagePath], [u].[SecurityStamp], [u].[TwoFactorEnabled], [u].[UpdatedAt], [u].[UserName], [j].[Id], [j].[Company], [j].[Department], [j].[Description], [j].[ExperienceYearsMax], [j].[ExperienceYearsMin], [j].[ExpiryDate], [j].[JobType], [j].[Location], [j].[PostedByUserId], [j].[PostedDate], [j].[Requirements], [j].[SalaryMax], [j].[SalaryMin], [j].[Status], [j].[Title], [j].[UpdatedAt]
FROM [Applications] AS [a]
INNER JOIN [Candidates] AS [c] ON [a].[CandidateId] = [c].[Id]
INNER JOIN [Users] AS [u] ON [c].[UserId] = [u].[Id]
INNER JOIN [Jobs] AS [j] ON [a].[JobId] = [j].[Id]
WHERE 0 = 1
2026-06-06 08:04:18.362 +05:30 [INF] Executing ViewResult, running view Dashboard.
2026-06-06 08:04:18.364 +05:30 [INF] Executed DbCommand (0ms) [Parameters=[@__userId_0='?' (Size = 450)], CommandType='"Text"', CommandTimeout='30']
SELECT [r].[Name]
FROM [UserRoles] AS [u]
INNER JOIN [Roles] AS [r] ON [u].[RoleId] = [r].[Id]
WHERE [u].[UserId] = @__userId_0
2026-06-06 08:04:18.366 +05:30 [INF] Executed ViewResult - view Dashboard executed in 4.5978ms.
2026-06-06 08:04:18.367 +05:30 [INF] Executed action AIResumeScreeningSystem.Controllers.RecruiterController.Dashboard (AIResumeScreeningSystem) in 18.8585ms
2026-06-06 08:04:18.369 +05:30 [INF] Executed endpoint 'AIResumeScreeningSystem.Controllers.RecruiterController.Dashboard (AIResumeScreeningSystem)'
2026-06-06 08:04:18.370 +05:30 [INF] Request finished HTTP/2 GET https://localhost:7170/Recruiter/Dashboard - 200 null text/html; charset=utf-8 29.8535ms
2026-06-06 08:04:18.386 +05:30 [INF] Request starting HTTP/2 GET https://localhost:7170/_vs/browserLink - null null
2026-06-06 08:04:18.386 +05:30 [INF] Request starting HTTP/2 GET https://localhost:7170/_framework/aspnetcore-browser-refresh.js - null null
2026-06-06 08:04:18.392 +05:30 [INF] Request finished HTTP/2 GET https://localhost:7170/_framework/aspnetcore-browser-refresh.js - 200 14951 application/javascript; charset=utf-8 6.3005ms
2026-06-06 08:04:18.393 +05:30 [INF] Request finished HTTP/2 GET https://localhost:7170/_vs/browserLink - 200 null text/javascript; charset=UTF-8 6.8123ms
2026-06-06 08:04:22.433 +05:30 [INF] Request starting HTTP/2 GET https://localhost:7170/AI/Chatbot - null null
2026-06-06 08:04:22.438 +05:30 [INF] Executing endpoint 'AIResumeScreeningSystem.Controllers.AIController.Chatbot (AIResumeScreeningSystem)'
2026-06-06 08:04:22.441 +05:30 [INF] Route matched with {action = "Chatbot", controller = "AI"}. Executing controller action with signature Microsoft.AspNetCore.Mvc.IActionResult Chatbot(System.String) on controller AIResumeScreeningSystem.Controllers.AIController (AIResumeScreeningSystem).
2026-06-06 08:04:22.457 +05:30 [INF] Executing ViewResult, running view Chatbot.
2026-06-06 08:04:22.462 +05:30 [INF] Executed DbCommand (0ms) [Parameters=[@__p_0='?' (Size = 450)], CommandType='"Text"', CommandTimeout='30']
SELECT TOP(1) [u].[Id], [u].[AccessFailedCount], [u].[ConcurrencyStamp], [u].[CreatedAt], [u].[Email], [u].[EmailConfirmed], [u].[FirstName], [u].[IsActive], [u].[LastName], [u].[LockoutEnabled], [u].[LockoutEnd], [u].[NormalizedEmail], [u].[NormalizedUserName], [u].[PasswordHash], [u].[PhoneNumber], [u].[PhoneNumberConfirmed], [u].[ProfileImagePath], [u].[SecurityStamp], [u].[TwoFactorEnabled], [u].[UpdatedAt], [u].[UserName]
FROM [Users] AS [u]
WHERE [u].[Id] = @__p_0
2026-06-06 08:04:22.464 +05:30 [INF] Executed DbCommand (0ms) [Parameters=[@__userId_0='?' (Size = 450)], CommandType='"Text"', CommandTimeout='30']
SELECT [r].[Name]
FROM [UserRoles] AS [u]
INNER JOIN [Roles] AS [r] ON [u].[RoleId] = [r].[Id]
WHERE [u].[UserId] = @__userId_0
2026-06-06 08:04:22.468 +05:30 [INF] Executed ViewResult - view Chatbot executed in 10.9502ms.
2026-06-06 08:04:22.470 +05:30 [INF] Executed action AIResumeScreeningSystem.Controllers.AIController.Chatbot (AIResumeScreeningSystem) in 26.7046ms
2026-06-06 08:04:22.471 +05:30 [INF] Executed endpoint 'AIResumeScreeningSystem.Controllers.AIController.Chatbot (AIResumeScreeningSystem)'
2026-06-06 08:04:22.473 +05:30 [INF] Request finished HTTP/2 GET https://localhost:7170/AI/Chatbot - 200 null text/html; charset=utf-8 40.1198ms
2026-06-06 08:04:22.493 +05:30 [INF] Request starting HTTP/2 GET https://localhost:7170/_vs/browserLink - null null
2026-06-06 08:04:22.493 +05:30 [INF] Request starting HTTP/2 GET https://localhost:7170/_framework/aspnetcore-browser-refresh.js - null null
2026-06-06 08:04:22.498 +05:30 [INF] Request finished HTTP/2 GET https://localhost:7170/_framework/aspnetcore-browser-refresh.js - 200 14951 application/javascript; charset=utf-8 5.503ms
2026-06-06 08:04:22.499 +05:30 [INF] Request finished HTTP/2 GET https://localhost:7170/_vs/browserLink - 200 null text/javascript; charset=UTF-8 6.0083ms
2026-06-06 08:04:38.076 +05:30 [INF] Request starting HTTP/2 GET https://localhost:7170/AI/Chatbot - null null
2026-06-06 08:04:38.085 +05:30 [INF] Executing endpoint 'AIResumeScreeningSystem.Controllers.AIController.Chatbot (AIResumeScreeningSystem)'
2026-06-06 08:04:38.086 +05:30 [INF] Route matched with {action = "Chatbot", controller = "AI"}. Executing controller action with signature Microsoft.AspNetCore.Mvc.IActionResult Chatbot(System.String) on controller AIResumeScreeningSystem.Controllers.AIController (AIResumeScreeningSystem).
2026-06-06 08:04:38.089 +05:30 [INF] Executing ViewResult, running view Chatbot.
2026-06-06 08:04:38.094 +05:30 [INF] Executed DbCommand (3ms) [Parameters=[@__p_0='?' (Size = 450)], CommandType='"Text"', CommandTimeout='30']
SELECT TOP(1) [u].[Id], [u].[AccessFailedCount], [u].[ConcurrencyStamp], [u].[CreatedAt], [u].[Email], [u].[EmailConfirmed], [u].[FirstName], [u].[IsActive], [u].[LastName], [u].[LockoutEnabled], [u].[LockoutEnd], [u].[NormalizedEmail], [u].[NormalizedUserName], [u].[PasswordHash], [u].[PhoneNumber], [u].[PhoneNumberConfirmed], [u].[ProfileImagePath], [u].[SecurityStamp], [u].[TwoFactorEnabled], [u].[UpdatedAt], [u].[UserName]
FROM [Users] AS [u]
WHERE [u].[Id] = @__p_0
2026-06-06 08:04:38.099 +05:30 [INF] Executed DbCommand (3ms) [Parameters=[@__userId_0='?' (Size = 450)], CommandType='"Text"', CommandTimeout='30']
SELECT [r].[Name]
FROM [UserRoles] AS [u]
INNER JOIN [Roles] AS [r] ON [u].[RoleId] = [r].[Id]
WHERE [u].[UserId] = @__userId_0
2026-06-06 08:04:38.101 +05:30 [INF] Executed ViewResult - view Chatbot executed in 12.1711ms.
2026-06-06 08:04:38.103 +05:30 [INF] Executed action AIResumeScreeningSystem.Controllers.AIController.Chatbot (AIResumeScreeningSystem) in 14.9987ms
2026-06-06 08:04:38.104 +05:30 [INF] Executed endpoint 'AIResumeScreeningSystem.Controllers.AIController.Chatbot (AIResumeScreeningSystem)'
2026-06-06 08:04:38.106 +05:30 [INF] Request finished HTTP/2 GET https://localhost:7170/AI/Chatbot - 200 null text/html; charset=utf-8 29.2949ms
2026-06-06 08:04:38.127 +05:30 [INF] Request starting HTTP/2 GET https://localhost:7170/_framework/aspnetcore-browser-refresh.js - null null
2026-06-06 08:04:38.127 +05:30 [INF] Request starting HTTP/2 GET https://localhost:7170/_vs/browserLink - null null
2026-06-06 08:04:38.130 +05:30 [INF] Request finished HTTP/2 GET https://localhost:7170/_framework/aspnetcore-browser-refresh.js - 200 14951 application/javascript; charset=utf-8 2.8229ms
2026-06-06 08:04:38.137 +05:30 [INF] Request finished HTTP/2 GET https://localhost:7170/_vs/browserLink - 200 null text/javascript; charset=UTF-8 10.1186ms
2026-06-06 08:04:42.282 +05:30 [INF] Request starting HTTP/2 GET https://localhost:7170/Recruiter/Dashboard - null null
2026-06-06 08:04:42.287 +05:30 [INF] Executing endpoint 'AIResumeScreeningSystem.Controllers.RecruiterController.Dashboard (AIResumeScreeningSystem)'
2026-06-06 08:04:42.288 +05:30 [INF] Route matched with {action = "Dashboard", controller = "Recruiter"}. Executing controller action with signature System.Threading.Tasks.Task`1[Microsoft.AspNetCore.Mvc.IActionResult] Dashboard() on controller AIResumeScreeningSystem.Controllers.RecruiterController (AIResumeScreeningSystem).
2026-06-06 08:04:42.293 +05:30 [INF] Executed DbCommand (0ms) [Parameters=[@__p_0='?' (Size = 450)], CommandType='"Text"', CommandTimeout='30']
SELECT TOP(1) [u].[Id], [u].[AccessFailedCount], [u].[ConcurrencyStamp], [u].[CreatedAt], [u].[Email], [u].[EmailConfirmed], [u].[FirstName], [u].[IsActive], [u].[LastName], [u].[LockoutEnabled], [u].[LockoutEnd], [u].[NormalizedEmail], [u].[NormalizedUserName], [u].[PasswordHash], [u].[PhoneNumber], [u].[PhoneNumberConfirmed], [u].[ProfileImagePath], [u].[SecurityStamp], [u].[TwoFactorEnabled], [u].[UpdatedAt], [u].[UserName]
FROM [Users] AS [u]
WHERE [u].[Id] = @__p_0
2026-06-06 08:04:42.297 +05:30 [INF] Executed DbCommand (2ms) [Parameters=[@__recruiterId_0='?' (Size = 450)], CommandType='"Text"', CommandTimeout='30']
SELECT [j].[Id], [j].[Company], [j].[Department], [j].[Description], [j].[ExperienceYearsMax], [j].[ExperienceYearsMin], [j].[ExpiryDate], [j].[JobType], [j].[Location], [j].[PostedByUserId], [j].[PostedDate], [j].[Requirements], [j].[SalaryMax], [j].[SalaryMin], [j].[Status], [j].[Title], [j].[UpdatedAt]
FROM [Jobs] AS [j]
WHERE [j].[PostedByUserId] = @__recruiterId_0
2026-06-06 08:04:42.302 +05:30 [INF] Executed DbCommand (3ms) [Parameters=[], CommandType='"Text"', CommandTimeout='30']
SELECT [a].[Id], [a].[AIEvaluation], [a].[AIMatchScore], [a].[AppliedAt], [a].[CandidateId], [a].[JobId], [a].[MissingSkills], [a].[RankPosition], [a].[RecruiterNotes], [a].[ResumeId], [a].[ReviewedAt], [a].[ReviewedByUserId], [a].[SkillGapAnalysis], [a].[SkillMatchPercentage], [a].[Status], [a].[UpdatedAt], [c].[Id], [c].[CreatedAt], [c].[CurrentCompany], [c].[CurrentJobTitle], [c].[GitHubUrl], [c].[GraduationYear], [c].[Headline], [c].[HighestEducation], [c].[IsAvailable], [c].[LinkedInUrl], [c].[Location], [c].[PortfolioUrl], [c].[Summary], [c].[TotalExperienceYears], [c].[University], [c].[UpdatedAt], [c].[UserId], [u].[Id], [u].[AccessFailedCount], [u].[ConcurrencyStamp], [u].[CreatedAt], [u].[Email], [u].[EmailConfirmed], [u].[FirstName], [u].[IsActive], [u].[LastName], [u].[LockoutEnabled], [u].[LockoutEnd], [u].[NormalizedEmail], [u].[NormalizedUserName], [u].[PasswordHash], [u].[PhoneNumber], [u].[PhoneNumberConfirmed], [u].[ProfileImagePath], [u].[SecurityStamp], [u].[TwoFactorEnabled], [u].[UpdatedAt], [u].[UserName], [j].[Id], [j].[Company], [j].[Department], [j].[Description], [j].[ExperienceYearsMax], [j].[ExperienceYearsMin], [j].[ExpiryDate], [j].[JobType], [j].[Location], [j].[PostedByUserId], [j].[PostedDate], [j].[Requirements], [j].[SalaryMax], [j].[SalaryMin], [j].[Status], [j].[Title], [j].[UpdatedAt]
FROM [Applications] AS [a]
INNER JOIN [Candidates] AS [c] ON [a].[CandidateId] = [c].[Id]
INNER JOIN [Users] AS [u] ON [c].[UserId] = [u].[Id]
INNER JOIN [Jobs] AS [j] ON [a].[JobId] = [j].[Id]
WHERE 0 = 1
2026-06-06 08:04:42.305 +05:30 [INF] Executing ViewResult, running view Dashboard.
2026-06-06 08:04:42.307 +05:30 [INF] Executed DbCommand (0ms) [Parameters=[@__userId_0='?' (Size = 450)], CommandType='"Text"', CommandTimeout='30']
SELECT [r].[Name]
FROM [UserRoles] AS [u]
INNER JOIN [Roles] AS [r] ON [u].[RoleId] = [r].[Id]
WHERE [u].[UserId] = @__userId_0
2026-06-06 08:04:42.309 +05:30 [INF] Executed ViewResult - view Dashboard executed in 4.5477ms.
2026-06-06 08:04:42.311 +05:30 [INF] Executed action AIResumeScreeningSystem.Controllers.RecruiterController.Dashboard (AIResumeScreeningSystem) in 19.9989ms
2026-06-06 08:04:42.312 +05:30 [INF] Executed endpoint 'AIResumeScreeningSystem.Controllers.RecruiterController.Dashboard (AIResumeScreeningSystem)'
2026-06-06 08:04:42.313 +05:30 [INF] Request finished HTTP/2 GET https://localhost:7170/Recruiter/Dashboard - 200 null text/html; charset=utf-8 31.1392ms
2026-06-06 08:04:42.330 +05:30 [INF] Request starting HTTP/2 GET https://localhost:7170/_vs/browserLink - null null
2026-06-06 08:04:42.331 +05:30 [INF] Request starting HTTP/2 GET https://localhost:7170/_framework/aspnetcore-browser-refresh.js - null null
2026-06-06 08:04:42.337 +05:30 [INF] Request finished HTTP/2 GET https://localhost:7170/_framework/aspnetcore-browser-refresh.js - 200 14951 application/javascript; charset=utf-8 5.7567ms
2026-06-06 08:04:42.337 +05:30 [INF] Request finished HTTP/2 GET https://localhost:7170/_vs/browserLink - 200 null text/javascript; charset=UTF-8 6.6069ms
2026-06-06 08:05:27.095 +05:30 [INF] Request starting HTTP/2 POST https://localhost:7170/Account/Logout - application/x-www-form-urlencoded 225
2026-06-06 08:05:27.100 +05:30 [INF] Executing endpoint 'AIResumeScreeningSystem.Controllers.AccountController.Logout (AIResumeScreeningSystem)'
2026-06-06 08:05:27.105 +05:30 [INF] Route matched with {action = "Logout", controller = "Account"}. Executing controller action with signature System.Threading.Tasks.Task`1[Microsoft.AspNetCore.Mvc.IActionResult] Logout() on controller AIResumeScreeningSystem.Controllers.AccountController (AIResumeScreeningSystem).
2026-06-06 08:05:27.109 +05:30 [INF] AuthenticationScheme: Identity.Application signed out.
2026-06-06 08:05:27.110 +05:30 [INF] AuthenticationScheme: Identity.External signed out.
2026-06-06 08:05:27.111 +05:30 [INF] AuthenticationScheme: Identity.TwoFactorUserId signed out.
2026-06-06 08:05:27.112 +05:30 [INF] User logged out.
2026-06-06 08:05:27.113 +05:30 [INF] Executing RedirectResult, redirecting to /Account/Login.
2026-06-06 08:05:27.114 +05:30 [INF] Executed action AIResumeScreeningSystem.Controllers.AccountController.Logout (AIResumeScreeningSystem) in 6.8687ms
2026-06-06 08:05:27.115 +05:30 [INF] Executed endpoint 'AIResumeScreeningSystem.Controllers.AccountController.Logout (AIResumeScreeningSystem)'
2026-06-06 08:05:27.116 +05:30 [INF] Request finished HTTP/2 POST https://localhost:7170/Account/Logout - 302 null null 20.8087ms
2026-06-06 08:05:27.119 +05:30 [INF] Request starting HTTP/2 GET https://localhost:7170/Account/Login - null null
2026-06-06 08:05:27.123 +05:30 [INF] Executing endpoint 'AIResumeScreeningSystem.Controllers.AccountController.Login (AIResumeScreeningSystem)'
2026-06-06 08:05:27.124 +05:30 [INF] Route matched with {action = "Login", controller = "Account"}. Executing controller action with signature Microsoft.AspNetCore.Mvc.IActionResult Login(System.String) on controller AIResumeScreeningSystem.Controllers.AccountController (AIResumeScreeningSystem).
2026-06-06 08:05:27.126 +05:30 [INF] Executing ViewResult, running view Login.
2026-06-06 08:05:27.128 +05:30 [INF] Executed ViewResult - view Login executed in 2.2958ms.
2026-06-06 08:05:27.129 +05:30 [INF] Executed action AIResumeScreeningSystem.Controllers.AccountController.Login (AIResumeScreeningSystem) in 3.9787ms
2026-06-06 08:05:27.130 +05:30 [INF] Executed endpoint 'AIResumeScreeningSystem.Controllers.AccountController.Login (AIResumeScreeningSystem)'
2026-06-06 08:05:27.132 +05:30 [INF] Request finished HTTP/2 GET https://localhost:7170/Account/Login - 200 null text/html; charset=utf-8 12.829ms
2026-06-06 08:05:27.156 +05:30 [INF] Request starting HTTP/2 GET https://localhost:7170/_framework/aspnetcore-browser-refresh.js - null null
2026-06-06 08:05:27.156 +05:30 [INF] Request starting HTTP/2 GET https://localhost:7170/_vs/browserLink - null null
2026-06-06 08:05:27.158 +05:30 [INF] Request finished HTTP/2 GET https://localhost:7170/_framework/aspnetcore-browser-refresh.js - 200 14951 application/javascript; charset=utf-8 2.6936ms
2026-06-06 08:05:27.166 +05:30 [INF] Request finished HTTP/2 GET https://localhost:7170/_vs/browserLink - 200 null text/javascript; charset=UTF-8 10.5794ms
2026-06-06 08:05:28.219 +05:30 [INF] Request starting HTTP/2 GET https://localhost:7170/Account/Register - null null
2026-06-06 08:05:28.223 +05:30 [INF] Executing endpoint 'AIResumeScreeningSystem.Controllers.AccountController.Register (AIResumeScreeningSystem)'
2026-06-06 08:05:28.224 +05:30 [INF] Route matched with {action = "Register", controller = "Account"}. Executing controller action with signature Microsoft.AspNetCore.Mvc.IActionResult Register() on controller AIResumeScreeningSystem.Controllers.AccountController (AIResumeScreeningSystem).
2026-06-06 08:05:28.226 +05:30 [INF] Executing ViewResult, running view Register.
2026-06-06 08:05:28.229 +05:30 [INF] Executed ViewResult - view Register executed in 3.1317ms.
2026-06-06 08:05:28.231 +05:30 [INF] Executed action AIResumeScreeningSystem.Controllers.AccountController.Register (AIResumeScreeningSystem) in 4.9473ms
2026-06-06 08:05:28.232 +05:30 [INF] Executed endpoint 'AIResumeScreeningSystem.Controllers.AccountController.Register (AIResumeScreeningSystem)'
2026-06-06 08:05:28.234 +05:30 [INF] Request finished HTTP/2 GET https://localhost:7170/Account/Register - 200 null text/html; charset=utf-8 14.4091ms
2026-06-06 08:05:28.253 +05:30 [INF] Request starting HTTP/2 GET https://localhost:7170/_framework/aspnetcore-browser-refresh.js - null null
2026-06-06 08:05:28.253 +05:30 [INF] Request starting HTTP/2 GET https://localhost:7170/_vs/browserLink - null null
2026-06-06 08:05:28.257 +05:30 [INF] Request finished HTTP/2 GET https://localhost:7170/_framework/aspnetcore-browser-refresh.js - 200 14951 application/javascript; charset=utf-8 3.6633ms
2026-06-06 08:05:28.263 +05:30 [INF] Request finished HTTP/2 GET https://localhost:7170/_vs/browserLink - 200 null text/javascript; charset=UTF-8 9.7373ms
2026-06-06 08:05:28.530 +05:30 [INF] Request starting HTTP/2 GET https://localhost:7170/Account/Register - null null
2026-06-06 08:05:28.534 +05:30 [INF] Executing endpoint 'AIResumeScreeningSystem.Controllers.AccountController.Register (AIResumeScreeningSystem)'
2026-06-06 08:05:28.535 +05:30 [INF] Route matched with {action = "Register", controller = "Account"}. Executing controller action with signature Microsoft.AspNetCore.Mvc.IActionResult Register() on controller AIResumeScreeningSystem.Controllers.AccountController (AIResumeScreeningSystem).
2026-06-06 08:05:28.537 +05:30 [INF] Executing ViewResult, running view Register.
2026-06-06 08:05:28.540 +05:30 [INF] Executed ViewResult - view Register executed in 3.198ms.
2026-06-06 08:05:28.541 +05:30 [INF] Executed action AIResumeScreeningSystem.Controllers.AccountController.Register (AIResumeScreeningSystem) in 5.1082ms
2026-06-06 08:05:28.543 +05:30 [INF] Executed endpoint 'AIResumeScreeningSystem.Controllers.AccountController.Register (AIResumeScreeningSystem)'
2026-06-06 08:05:28.544 +05:30 [INF] Request finished HTTP/2 GET https://localhost:7170/Account/Register - 200 null text/html; charset=utf-8 13.8846ms
2026-06-06 08:05:28.566 +05:30 [INF] Request starting HTTP/2 GET https://localhost:7170/_framework/aspnetcore-browser-refresh.js - null null
2026-06-06 08:05:28.566 +05:30 [INF] Request starting HTTP/2 GET https://localhost:7170/_vs/browserLink - null null
2026-06-06 08:05:28.570 +05:30 [INF] Request finished HTTP/2 GET https://localhost:7170/_framework/aspnetcore-browser-refresh.js - 200 14951 application/javascript; charset=utf-8 3.3798ms
2026-06-06 08:05:28.580 +05:30 [INF] Request finished HTTP/2 GET https://localhost:7170/_vs/browserLink - 200 null text/javascript; charset=UTF-8 14.0156ms
2026-06-06 08:05:28.950 +05:30 [INF] Request starting HTTP/2 GET https://localhost:7170/Account/Register - null null
2026-06-06 08:05:28.959 +05:30 [INF] Executing endpoint 'AIResumeScreeningSystem.Controllers.AccountController.Register (AIResumeScreeningSystem)'
2026-06-06 08:05:28.961 +05:30 [INF] Route matched with {action = "Register", controller = "Account"}. Executing controller action with signature Microsoft.AspNetCore.Mvc.IActionResult Register() on controller AIResumeScreeningSystem.Controllers.AccountController (AIResumeScreeningSystem).
2026-06-06 08:05:28.964 +05:30 [INF] Executing ViewResult, running view Register.
2026-06-06 08:05:28.967 +05:30 [INF] Executed ViewResult - view Register executed in 3.5249ms.
2026-06-06 08:05:28.970 +05:30 [INF] Executed action AIResumeScreeningSystem.Controllers.AccountController.Register (AIResumeScreeningSystem) in 5.9253ms
2026-06-06 08:05:28.972 +05:30 [INF] Executed endpoint 'AIResumeScreeningSystem.Controllers.AccountController.Register (AIResumeScreeningSystem)'
2026-06-06 08:05:28.974 +05:30 [INF] Request finished HTTP/2 GET https://localhost:7170/Account/Register - 200 null text/html; charset=utf-8 24.4951ms
2026-06-06 08:05:28.998 +05:30 [INF] Request starting HTTP/2 GET https://localhost:7170/_framework/aspnetcore-browser-refresh.js - null null
2026-06-06 08:05:28.998 +05:30 [INF] Request starting HTTP/2 GET https://localhost:7170/_vs/browserLink - null null
2026-06-06 08:05:29.002 +05:30 [INF] Request finished HTTP/2 GET https://localhost:7170/_framework/aspnetcore-browser-refresh.js - 200 14951 application/javascript; charset=utf-8 3.6593ms
2026-06-06 08:05:29.020 +05:30 [INF] Request finished HTTP/2 GET https://localhost:7170/_vs/browserLink - 200 null text/javascript; charset=UTF-8 21.1847ms
2026-06-06 08:08:49.379 +05:30 [INF] Request starting HTTP/2 GET https://localhost:7170/Account/Register - null null
2026-06-06 08:08:49.379 +05:30 [INF] Request starting HTTP/2 POST https://localhost:7170/Account/Register - application/x-www-form-urlencoded 355
2026-06-06 08:08:49.387 +05:30 [INF] Executing endpoint 'AIResumeScreeningSystem.Controllers.AccountController.Register (AIResumeScreeningSystem)'
2026-06-06 08:08:49.391 +05:30 [INF] Route matched with {action = "Register", controller = "Account"}. Executing controller action with signature Microsoft.AspNetCore.Mvc.IActionResult Register() on controller AIResumeScreeningSystem.Controllers.AccountController (AIResumeScreeningSystem).
2026-06-06 08:08:49.392 +05:30 [INF] Executing endpoint 'AIResumeScreeningSystem.Controllers.AccountController.Register (AIResumeScreeningSystem)'
2026-06-06 08:08:49.395 +05:30 [INF] Executing ViewResult, running view Register.
2026-06-06 08:08:49.399 +05:30 [INF] Route matched with {action = "Register", controller = "Account"}. Executing controller action with signature System.Threading.Tasks.Task`1[Microsoft.AspNetCore.Mvc.IActionResult] Register(AIResumeScreeningSystem.ViewModels.Account.RegisterViewModel) on controller AIResumeScreeningSystem.Controllers.AccountController (AIResumeScreeningSystem).
2026-06-06 08:08:49.410 +05:30 [INF] Executed ViewResult - view Register executed in 16.4212ms.
2026-06-06 08:08:49.412 +05:30 [INF] Executed action AIResumeScreeningSystem.Controllers.AccountController.Register (AIResumeScreeningSystem) in 18.4617ms
2026-06-06 08:08:49.412 +05:30 [INF] Executing ViewResult, running view Register.
2026-06-06 08:08:49.413 +05:30 [INF] Executed endpoint 'AIResumeScreeningSystem.Controllers.AccountController.Register (AIResumeScreeningSystem)'
2026-06-06 08:08:49.416 +05:30 [INF] Request finished HTTP/2 GET https://localhost:7170/Account/Register - 200 null text/html; charset=utf-8 36.9056ms
2026-06-06 08:08:49.419 +05:30 [INF] Executed ViewResult - view Register executed in 7.5811ms.
2026-06-06 08:08:49.425 +05:30 [INF] Executed action AIResumeScreeningSystem.Controllers.AccountController.Register (AIResumeScreeningSystem) in 23.4235ms
2026-06-06 08:08:49.426 +05:30 [INF] Executed endpoint 'AIResumeScreeningSystem.Controllers.AccountController.Register (AIResumeScreeningSystem)'
2026-06-06 08:08:49.428 +05:30 [INF] Request finished HTTP/2 POST https://localhost:7170/Account/Register - 200 null text/html; charset=utf-8 48.5044ms
2026-06-06 08:08:49.435 +05:30 [INF] Request starting HTTP/2 GET https://localhost:7170/_vs/browserLink - null null
2026-06-06 08:08:49.442 +05:30 [INF] Request starting HTTP/2 GET https://localhost:7170/_framework/aspnetcore-browser-refresh.js - null null
2026-06-06 08:08:49.445 +05:30 [INF] Request finished HTTP/2 GET https://localhost:7170/_vs/browserLink - 200 null text/javascript; charset=UTF-8 9.4965ms
2026-06-06 08:08:49.448 +05:30 [INF] Request finished HTTP/2 GET https://localhost:7170/_framework/aspnetcore-browser-refresh.js - 200 14951 application/javascript; charset=utf-8 6.4723ms
2026-06-06 08:08:49.453 +05:30 [INF] Request starting HTTP/2 GET https://localhost:7170/_framework/aspnetcore-browser-refresh.js - null null
2026-06-06 08:08:49.453 +05:30 [INF] Request starting HTTP/2 GET https://localhost:7170/_vs/browserLink - null null
2026-06-06 08:08:49.464 +05:30 [INF] Request finished HTTP/2 GET https://localhost:7170/_framework/aspnetcore-browser-refresh.js - 200 14951 application/javascript; charset=utf-8 11.2904ms
2026-06-06 08:08:49.473 +05:30 [INF] Request finished HTTP/2 GET https://localhost:7170/_vs/browserLink - 200 null text/javascript; charset=UTF-8 20.2976ms
2026-06-06 08:09:38.234 +05:30 [INF] Request starting HTTP/2 POST https://localhost:7170/Account/Register - application/x-www-form-urlencoded 350
2026-06-06 08:09:38.240 +05:30 [INF] Executing endpoint 'AIResumeScreeningSystem.Controllers.AccountController.Register (AIResumeScreeningSystem)'
2026-06-06 08:09:38.241 +05:30 [INF] Route matched with {action = "Register", controller = "Account"}. Executing controller action with signature System.Threading.Tasks.Task`1[Microsoft.AspNetCore.Mvc.IActionResult] Register(AIResumeScreeningSystem.ViewModels.Account.RegisterViewModel) on controller AIResumeScreeningSystem.Controllers.AccountController (AIResumeScreeningSystem).
2026-06-06 08:09:38.245 +05:30 [INF] Executing ViewResult, running view Register.
2026-06-06 08:09:38.247 +05:30 [INF] Executed ViewResult - view Register executed in 2.2379ms.
2026-06-06 08:09:38.249 +05:30 [INF] Executed action AIResumeScreeningSystem.Controllers.AccountController.Register (AIResumeScreeningSystem) in 5.9675ms
2026-06-06 08:09:38.250 +05:30 [INF] Executed endpoint 'AIResumeScreeningSystem.Controllers.AccountController.Register (AIResumeScreeningSystem)'
2026-06-06 08:09:38.251 +05:30 [INF] Request finished HTTP/2 POST https://localhost:7170/Account/Register - 200 null text/html; charset=utf-8 17.6751ms
2026-06-06 08:09:38.270 +05:30 [INF] Request starting HTTP/2 GET https://localhost:7170/_vs/browserLink - null null
2026-06-06 08:09:38.270 +05:30 [INF] Request starting HTTP/2 GET https://localhost:7170/_framework/aspnetcore-browser-refresh.js - null null
2026-06-06 08:09:38.277 +05:30 [INF] Request finished HTTP/2 GET https://localhost:7170/_framework/aspnetcore-browser-refresh.js - 200 14951 application/javascript; charset=utf-8 6.1838ms
2026-06-06 08:09:38.277 +05:30 [INF] Request finished HTTP/2 GET https://localhost:7170/_vs/browserLink - 200 null text/javascript; charset=UTF-8 6.9564ms
2026-06-06 08:10:18.014 +05:30 [INF] Request starting HTTP/2 POST https://localhost:7170/Account/Register - application/x-www-form-urlencoded 369
2026-06-06 08:10:18.018 +05:30 [INF] Executing endpoint 'AIResumeScreeningSystem.Controllers.AccountController.Register (AIResumeScreeningSystem)'
2026-06-06 08:10:18.019 +05:30 [INF] Route matched with {action = "Register", controller = "Account"}. Executing controller action with signature System.Threading.Tasks.Task`1[Microsoft.AspNetCore.Mvc.IActionResult] Register(AIResumeScreeningSystem.ViewModels.Account.RegisterViewModel) on controller AIResumeScreeningSystem.Controllers.AccountController (AIResumeScreeningSystem).
2026-06-06 08:10:18.028 +05:30 [INF] Executed DbCommand (3ms) [Parameters=[@__normalizedEmail_0='?' (Size = 256)], CommandType='"Text"', CommandTimeout='30']
SELECT TOP(2) [u].[Id], [u].[AccessFailedCount], [u].[ConcurrencyStamp], [u].[CreatedAt], [u].[Email], [u].[EmailConfirmed], [u].[FirstName], [u].[IsActive], [u].[LastName], [u].[LockoutEnabled], [u].[LockoutEnd], [u].[NormalizedEmail], [u].[NormalizedUserName], [u].[PasswordHash], [u].[PhoneNumber], [u].[PhoneNumberConfirmed], [u].[ProfileImagePath], [u].[SecurityStamp], [u].[TwoFactorEnabled], [u].[UpdatedAt], [u].[UserName]
FROM [Users] AS [u]
WHERE [u].[NormalizedEmail] = @__normalizedEmail_0
2026-06-06 08:10:18.107 +05:30 [INF] Executed DbCommand (3ms) [Parameters=[@__normalizedUserName_0='?' (Size = 256)], CommandType='"Text"', CommandTimeout='30']
SELECT TOP(1) [u].[Id], [u].[AccessFailedCount], [u].[ConcurrencyStamp], [u].[CreatedAt], [u].[Email], [u].[EmailConfirmed], [u].[FirstName], [u].[IsActive], [u].[LastName], [u].[LockoutEnabled], [u].[LockoutEnd], [u].[NormalizedEmail], [u].[NormalizedUserName], [u].[PasswordHash], [u].[PhoneNumber], [u].[PhoneNumberConfirmed], [u].[ProfileImagePath], [u].[SecurityStamp], [u].[TwoFactorEnabled], [u].[UpdatedAt], [u].[UserName]
FROM [Users] AS [u]
WHERE [u].[NormalizedUserName] = @__normalizedUserName_0
2026-06-06 08:10:18.110 +05:30 [INF] Executed DbCommand (0ms) [Parameters=[@__normalizedEmail_0='?' (Size = 256)], CommandType='"Text"', CommandTimeout='30']
SELECT TOP(2) [u].[Id], [u].[AccessFailedCount], [u].[ConcurrencyStamp], [u].[CreatedAt], [u].[Email], [u].[EmailConfirmed], [u].[FirstName], [u].[IsActive], [u].[LastName], [u].[LockoutEnabled], [u].[LockoutEnd], [u].[NormalizedEmail], [u].[NormalizedUserName], [u].[PasswordHash], [u].[PhoneNumber], [u].[PhoneNumberConfirmed], [u].[ProfileImagePath], [u].[SecurityStamp], [u].[TwoFactorEnabled], [u].[UpdatedAt], [u].[UserName]
FROM [Users] AS [u]
WHERE [u].[NormalizedEmail] = @__normalizedEmail_0
2026-06-06 08:10:18.114 +05:30 [INF] Executed DbCommand (2ms) [Parameters=[@p0='?' (Size = 450), @p1='?' (DbType = Int32), @p2='?' (Size = 4000), @p3='?' (DbType = DateTime2), @p4='?' (Size = 256), @p5='?' (DbType = Boolean), @p6='?' (Size = 100), @p7='?' (DbType = Boolean), @p8='?' (Size = 100), @p9='?' (DbType = Boolean), @p10='?' (DbType = DateTimeOffset), @p11='?' (Size = 256), @p12='?' (Size = 256), @p13='?' (Size = 4000), @p14='?' (Size = 20), @p15='?' (DbType = Boolean), @p16='?' (Size = 500), @p17='?' (Size = 4000), @p18='?' (DbType = Boolean), @p19='?' (DbType = DateTime2), @p20='?' (Size = 256)], CommandType='"Text"', CommandTimeout='30']
SET IMPLICIT_TRANSACTIONS OFF;
SET NOCOUNT ON;
INSERT INTO [Users] ([Id], [AccessFailedCount], [ConcurrencyStamp], [CreatedAt], [Email], [EmailConfirmed], [FirstName], [IsActive], [LastName], [LockoutEnabled], [LockoutEnd], [NormalizedEmail], [NormalizedUserName], [PasswordHash], [PhoneNumber], [PhoneNumberConfirmed], [ProfileImagePath], [SecurityStamp], [TwoFactorEnabled], [UpdatedAt], [UserName])
VALUES (@p0, @p1, @p2, @p3, @p4, @p5, @p6, @p7, @p8, @p9, @p10, @p11, @p12, @p13, @p14, @p15, @p16, @p17, @p18, @p19, @p20);
2026-06-06 08:10:18.118 +05:30 [INF] Executed DbCommand (2ms) [Parameters=[@__normalizedRoleName_0='?' (Size = 256)], CommandType='"Text"', CommandTimeout='30']
SELECT TOP(2) [r].[Id], [r].[ConcurrencyStamp], [r].[Name], [r].[NormalizedName]
FROM [Roles] AS [r]
WHERE [r].[NormalizedName] = @__normalizedRoleName_0
2026-06-06 08:10:18.123 +05:30 [INF] Executed DbCommand (2ms) [Parameters=[@__p_0='?' (Size = 450), @__p_1='?' (Size = 450)], CommandType='"Text"', CommandTimeout='30']
SELECT TOP(1) [u].[UserId], [u].[RoleId]
FROM [UserRoles] AS [u]
WHERE [u].[UserId] = @__p_0 AND [u].[RoleId] = @__p_1
2026-06-06 08:10:18.126 +05:30 [INF] Executed DbCommand (0ms) [Parameters=[@__normalizedRoleName_0='?' (Size = 256)], CommandType='"Text"', CommandTimeout='30']
SELECT TOP(2) [r].[Id], [r].[ConcurrencyStamp], [r].[Name], [r].[NormalizedName]
FROM [Roles] AS [r]
WHERE [r].[NormalizedName] = @__normalizedRoleName_0
2026-06-06 08:10:18.128 +05:30 [INF] Executed DbCommand (0ms) [Parameters=[@__normalizedUserName_0='?' (Size = 256)], CommandType='"Text"', CommandTimeout='30']
SELECT TOP(1) [u].[Id], [u].[AccessFailedCount], [u].[ConcurrencyStamp], [u].[CreatedAt], [u].[Email], [u].[EmailConfirmed], [u].[FirstName], [u].[IsActive], [u].[LastName], [u].[LockoutEnabled], [u].[LockoutEnd], [u].[NormalizedEmail], [u].[NormalizedUserName], [u].[PasswordHash], [u].[PhoneNumber], [u].[PhoneNumberConfirmed], [u].[ProfileImagePath], [u].[SecurityStamp], [u].[TwoFactorEnabled], [u].[UpdatedAt], [u].[UserName]
FROM [Users] AS [u]
WHERE [u].[NormalizedUserName] = @__normalizedUserName_0
2026-06-06 08:10:18.130 +05:30 [INF] Executed DbCommand (0ms) [Parameters=[@__normalizedEmail_0='?' (Size = 256)], CommandType='"Text"', CommandTimeout='30']
SELECT TOP(2) [u].[Id], [u].[AccessFailedCount], [u].[ConcurrencyStamp], [u].[CreatedAt], [u].[Email], [u].[EmailConfirmed], [u].[FirstName], [u].[IsActive], [u].[LastName], [u].[LockoutEnabled], [u].[LockoutEnd], [u].[NormalizedEmail], [u].[NormalizedUserName], [u].[PasswordHash], [u].[PhoneNumber], [u].[PhoneNumberConfirmed], [u].[ProfileImagePath], [u].[SecurityStamp], [u].[TwoFactorEnabled], [u].[UpdatedAt], [u].[UserName]
FROM [Users] AS [u]
WHERE [u].[NormalizedEmail] = @__normalizedEmail_0
2026-06-06 08:10:18.141 +05:30 [INF] Executed DbCommand (8ms) [Parameters=[@p0='?' (Size = 450), @p1='?' (Size = 450), @p22='?' (Size = 450), @p2='?' (DbType = Int32), @p3='?' (Size = 4000), @p23='?' (Size = 4000), @p4='?' (DbType = DateTime2), @p5='?' (Size = 256), @p6='?' (DbType = Boolean), @p7='?' (Size = 100), @p8='?' (DbType = Boolean), @p9='?' (Size = 100), @p10='?' (DbType = Boolean), @p11='?' (DbType = DateTimeOffset), @p12='?' (Size = 256), @p13='?' (Size = 256), @p14='?' (Size = 4000), @p15='?' (Size = 20), @p16='?' (DbType = Boolean), @p17='?' (Size = 500), @p18='?' (Size = 4000), @p19='?' (DbType = Boolean), @p20='?' (DbType = DateTime2), @p21='?' (Size = 256)], CommandType='"Text"', CommandTimeout='30']
SET NOCOUNT ON;
INSERT INTO [UserRoles] ([RoleId], [UserId])
VALUES (@p0, @p1);
UPDATE [Users] SET [AccessFailedCount] = @p2, [ConcurrencyStamp] = @p3, [CreatedAt] = @p4, [Email] = @p5, [EmailConfirmed] = @p6, [FirstName] = @p7, [IsActive] = @p8, [LastName] = @p9, [LockoutEnabled] = @p10, [LockoutEnd] = @p11, [NormalizedEmail] = @p12, [NormalizedUserName] = @p13, [PasswordHash] = @p14, [PhoneNumber] = @p15, [PhoneNumberConfirmed] = @p16, [ProfileImagePath] = @p17, [SecurityStamp] = @p18, [TwoFactorEnabled] = @p19, [UpdatedAt] = @p20, [UserName] = @p21
OUTPUT 1
WHERE [Id] = @p22 AND [ConcurrencyStamp] = @p23;
2026-06-06 08:10:18.147 +05:30 [INF] Executed DbCommand (2ms) [Parameters=[@p0='?' (DbType = DateTime2), @p1='?' (Size = 200), @p2='?' (Size = 200), @p3='?' (Size = 200), @p4='?' (DbType = Int32), @p5='?' (Size = 500), @p6='?' (Size = 100), @p7='?' (DbType = Boolean), @p8='?' (Size = 200), @p9='?' (Size = 200), @p10='?' (Size = 200), @p11='?' (Size = 4000), @p12='?' (DbType = Int32), @p13='?' (Size = 200), @p14='?' (DbType = DateTime2), @p15='?' (Size = 450)], CommandType='"Text"', CommandTimeout='30']
SET IMPLICIT_TRANSACTIONS OFF;
SET NOCOUNT ON;
INSERT INTO [Candidates] ([CreatedAt], [CurrentCompany], [CurrentJobTitle], [GitHubUrl], [GraduationYear], [Headline], [HighestEducation], [IsAvailable], [LinkedInUrl], [Location], [PortfolioUrl], [Summary], [TotalExperienceYears], [University], [UpdatedAt], [UserId])
OUTPUT INSERTED.[Id]
VALUES (@p0, @p1, @p2, @p3, @p4, @p5, @p6, @p7, @p8, @p9, @p10, @p11, @p12, @p13, @p14, @p15);
2026-06-06 08:10:18.149 +05:30 [INF] New user registered: sarthak940563@gmail.com as Candidate
2026-06-06 08:10:18.150 +05:30 [INF] Executing RedirectResult, redirecting to /Account/Login.
2026-06-06 08:10:18.151 +05:30 [INF] Executed action AIResumeScreeningSystem.Controllers.AccountController.Register (AIResumeScreeningSystem) in 128.7156ms
2026-06-06 08:10:18.152 +05:30 [INF] Executed endpoint 'AIResumeScreeningSystem.Controllers.AccountController.Register (AIResumeScreeningSystem)'
2026-06-06 08:10:18.153 +05:30 [INF] Request finished HTTP/2 POST https://localhost:7170/Account/Register - 302 null null 139.4954ms
2026-06-06 08:10:18.157 +05:30 [INF] Request starting HTTP/2 GET https://localhost:7170/Account/Login - null null
2026-06-06 08:10:18.160 +05:30 [INF] Executing endpoint 'AIResumeScreeningSystem.Controllers.AccountController.Login (AIResumeScreeningSystem)'
2026-06-06 08:10:18.162 +05:30 [INF] Route matched with {action = "Login", controller = "Account"}. Executing controller action with signature Microsoft.AspNetCore.Mvc.IActionResult Login(System.String) on controller AIResumeScreeningSystem.Controllers.AccountController (AIResumeScreeningSystem).
2026-06-06 08:10:18.164 +05:30 [INF] Executing ViewResult, running view Login.
2026-06-06 08:10:18.167 +05:30 [INF] Executed ViewResult - view Login executed in 2.9954ms.
2026-06-06 08:10:18.168 +05:30 [INF] Executed action AIResumeScreeningSystem.Controllers.AccountController.Login (AIResumeScreeningSystem) in 4.5584ms
2026-06-06 08:10:18.170 +05:30 [INF] Executed endpoint 'AIResumeScreeningSystem.Controllers.AccountController.Login (AIResumeScreeningSystem)'
2026-06-06 08:10:18.171 +05:30 [INF] Request finished HTTP/2 GET https://localhost:7170/Account/Login - 200 null text/html; charset=utf-8 13.7104ms
2026-06-06 08:10:18.188 +05:30 [INF] Request starting HTTP/2 GET https://localhost:7170/_vs/browserLink - null null
2026-06-06 08:10:18.194 +05:30 [INF] Request starting HTTP/2 GET https://localhost:7170/_framework/aspnetcore-browser-refresh.js - null null
2026-06-06 08:10:18.198 +05:30 [INF] Request finished HTTP/2 GET https://localhost:7170/_framework/aspnetcore-browser-refresh.js - 200 14951 application/javascript; charset=utf-8 4.2351ms
2026-06-06 08:10:18.199 +05:30 [INF] Request finished HTTP/2 GET https://localhost:7170/_vs/browserLink - 200 null text/javascript; charset=UTF-8 10.6265ms
2026-06-06 08:10:20.188 +05:30 [ERR] Failed to send email to sarthak940563@gmail.com
System.Net.Mail.SmtpException: The SMTP server requires a secure connection or the client was not authenticated. The server response was: 5.7.0 Authentication Required. For more information, go to
   at System.Net.Mail.MailCommand.CheckResponse(SmtpStatusCode statusCode, String response)
   at System.Net.Mail.MailCommand.EndSend(IAsyncResult result)
   at System.Net.Mail.SendMailAsyncResult.SendMailFromCompleted(IAsyncResult result)
--- End of stack trace from previous location ---
   at System.Net.Mail.SendMailAsyncResult.End(IAsyncResult result)
   at System.Net.Mail.SmtpClient.SendMailCallback(IAsyncResult result)
--- End of stack trace from previous location ---
   at AIResumeScreeningSystem.Services.Implementations.EmailService.SendEmailAsync(String toEmail, String subject, String htmlBody)
2026-06-06 08:12:20.151 +05:30 [INF] Request starting HTTP/2 GET https://localhost:7170/Account/Register - null null
2026-06-06 08:12:20.174 +05:30 [INF] Executing endpoint 'AIResumeScreeningSystem.Controllers.AccountController.Register (AIResumeScreeningSystem)'
2026-06-06 08:12:20.176 +05:30 [INF] Route matched with {action = "Register", controller = "Account"}. Executing controller action with signature Microsoft.AspNetCore.Mvc.IActionResult Register() on controller AIResumeScreeningSystem.Controllers.AccountController (AIResumeScreeningSystem).
2026-06-06 08:12:20.178 +05:30 [INF] Executing ViewResult, running view Register.
2026-06-06 08:12:20.180 +05:30 [INF] Executed ViewResult - view Register executed in 2.2659ms.
2026-06-06 08:12:20.181 +05:30 [INF] Executed action AIResumeScreeningSystem.Controllers.AccountController.Register (AIResumeScreeningSystem) in 3.9ms
2026-06-06 08:12:20.183 +05:30 [INF] Executed endpoint 'AIResumeScreeningSystem.Controllers.AccountController.Register (AIResumeScreeningSystem)'
2026-06-06 08:12:20.184 +05:30 [INF] Request finished HTTP/2 GET https://localhost:7170/Account/Register - 200 null text/html; charset=utf-8 32.3951ms
2026-06-06 08:12:20.203 +05:30 [INF] Request starting HTTP/2 GET https://localhost:7170/_vs/browserLink - null null
2026-06-06 08:12:20.203 +05:30 [INF] Request starting HTTP/2 GET https://localhost:7170/_framework/aspnetcore-browser-refresh.js - null null
2026-06-06 08:12:20.209 +05:30 [INF] Request finished HTTP/2 GET https://localhost:7170/_framework/aspnetcore-browser-refresh.js - 200 14951 application/javascript; charset=utf-8 5.2443ms
2026-06-06 08:12:20.209 +05:30 [INF] Request finished HTTP/2 GET https://localhost:7170/_vs/browserLink - 200 null text/javascript; charset=UTF-8 6.5391ms
2026-06-06 08:13:30.411 +05:30 [INF] Request starting HTTP/2 POST https://localhost:7170/Account/Register - application/x-www-form-urlencoded 355
2026-06-06 08:13:30.411 +05:30 [INF] Request starting HTTP/2 GET https://localhost:7170/Account/Register - null null
2026-06-06 08:13:30.417 +05:30 [INF] Executing endpoint 'AIResumeScreeningSystem.Controllers.AccountController.Register (AIResumeScreeningSystem)'
2026-06-06 08:13:30.421 +05:30 [INF] Executing endpoint 'AIResumeScreeningSystem.Controllers.AccountController.Register (AIResumeScreeningSystem)'
2026-06-06 08:13:30.423 +05:30 [INF] Route matched with {action = "Register", controller = "Account"}. Executing controller action with signature Microsoft.AspNetCore.Mvc.IActionResult Register() on controller AIResumeScreeningSystem.Controllers.AccountController (AIResumeScreeningSystem).
2026-06-06 08:13:30.424 +05:30 [INF] Route matched with {action = "Register", controller = "Account"}. Executing controller action with signature System.Threading.Tasks.Task`1[Microsoft.AspNetCore.Mvc.IActionResult] Register(AIResumeScreeningSystem.ViewModels.Account.RegisterViewModel) on controller AIResumeScreeningSystem.Controllers.AccountController (AIResumeScreeningSystem).
2026-06-06 08:13:30.427 +05:30 [INF] Executing ViewResult, running view Register.
2026-06-06 08:13:30.429 +05:30 [INF] Executing ViewResult, running view Register.
2026-06-06 08:13:30.433 +05:30 [INF] Executed ViewResult - view Register executed in 7.0484ms.
2026-06-06 08:13:30.433 +05:30 [INF] Executed ViewResult - view Register executed in 3.7511ms.
2026-06-06 08:13:30.434 +05:30 [INF] Executed action AIResumeScreeningSystem.Controllers.AccountController.Register (AIResumeScreeningSystem) in 8.8604ms
2026-06-06 08:13:30.435 +05:30 [INF] Executed action AIResumeScreeningSystem.Controllers.AccountController.Register (AIResumeScreeningSystem) in 8.534ms
2026-06-06 08:13:30.437 +05:30 [INF] Executed endpoint 'AIResumeScreeningSystem.Controllers.AccountController.Register (AIResumeScreeningSystem)'
2026-06-06 08:13:30.438 +05:30 [INF] Executed endpoint 'AIResumeScreeningSystem.Controllers.AccountController.Register (AIResumeScreeningSystem)'
2026-06-06 08:13:30.440 +05:30 [INF] Request finished HTTP/2 GET https://localhost:7170/Account/Register - 200 null text/html; charset=utf-8 29.3341ms
2026-06-06 08:13:30.444 +05:30 [INF] Request finished HTTP/2 POST https://localhost:7170/Account/Register - 200 null text/html; charset=utf-8 32.9507ms
2026-06-06 08:13:30.466 +05:30 [INF] Request starting HTTP/2 GET https://localhost:7170/_vs/browserLink - null null
2026-06-06 08:13:30.466 +05:30 [INF] Request starting HTTP/2 GET https://localhost:7170/_framework/aspnetcore-browser-refresh.js - null null
2026-06-06 08:13:30.473 +05:30 [INF] Request finished HTTP/2 GET https://localhost:7170/_framework/aspnetcore-browser-refresh.js - 200 14951 application/javascript; charset=utf-8 6.9941ms
2026-06-06 08:13:30.473 +05:30 [INF] Request finished HTTP/2 GET https://localhost:7170/_vs/browserLink - 200 null text/javascript; charset=UTF-8 7.2655ms
2026-06-06 08:13:30.474 +05:30 [INF] Request starting HTTP/2 GET https://localhost:7170/_vs/browserLink - null null
2026-06-06 08:13:30.475 +05:30 [INF] Request starting HTTP/2 GET https://localhost:7170/_framework/aspnetcore-browser-refresh.js - null null
2026-06-06 08:13:30.485 +05:30 [INF] Request finished HTTP/2 GET https://localhost:7170/_framework/aspnetcore-browser-refresh.js - 200 14951 application/javascript; charset=utf-8 10.5036ms
2026-06-06 08:13:30.486 +05:30 [INF] Request finished HTTP/2 GET https://localhost:7170/_vs/browserLink - 200 null text/javascript; charset=UTF-8 11.8699ms
2026-06-06 08:14:58.617 +05:30 [INF] Request starting HTTP/2 GET https://localhost:7170/Account/Register - null null
2026-06-06 08:14:58.617 +05:30 [INF] Request starting HTTP/2 POST https://localhost:7170/Account/Register - application/x-www-form-urlencoded 355
2026-06-06 08:14:58.622 +05:30 [INF] Executing endpoint 'AIResumeScreeningSystem.Controllers.AccountController.Register (AIResumeScreeningSystem)'
2026-06-06 08:14:58.624 +05:30 [INF] Route matched with {action = "Register", controller = "Account"}. Executing controller action with signature Microsoft.AspNetCore.Mvc.IActionResult Register() on controller AIResumeScreeningSystem.Controllers.AccountController (AIResumeScreeningSystem).
2026-06-06 08:14:58.625 +05:30 [INF] Executing endpoint 'AIResumeScreeningSystem.Controllers.AccountController.Register (AIResumeScreeningSystem)'
2026-06-06 08:14:58.628 +05:30 [INF] Executing ViewResult, running view Register.
2026-06-06 08:14:58.632 +05:30 [INF] Route matched with {action = "Register", controller = "Account"}. Executing controller action with signature System.Threading.Tasks.Task`1[Microsoft.AspNetCore.Mvc.IActionResult] Register(AIResumeScreeningSystem.ViewModels.Account.RegisterViewModel) on controller AIResumeScreeningSystem.Controllers.AccountController (AIResumeScreeningSystem).
2026-06-06 08:14:58.635 +05:30 [INF] Executing ViewResult, running view Register.
2026-06-06 08:14:58.636 +05:30 [INF] Executed ViewResult - view Register executed in 8.9419ms.
2026-06-06 08:14:58.637 +05:30 [INF] Executed ViewResult - view Register executed in 2.1123ms.
2026-06-06 08:14:58.638 +05:30 [INF] Executed action AIResumeScreeningSystem.Controllers.AccountController.Register (AIResumeScreeningSystem) in 11.3692ms
2026-06-06 08:14:58.639 +05:30 [INF] Executed action AIResumeScreeningSystem.Controllers.AccountController.Register (AIResumeScreeningSystem) in 5.7005ms
2026-06-06 08:14:58.642 +05:30 [INF] Executed endpoint 'AIResumeScreeningSystem.Controllers.AccountController.Register (AIResumeScreeningSystem)'
2026-06-06 08:14:58.644 +05:30 [INF] Request finished HTTP/2 POST https://localhost:7170/Account/Register - 200 null text/html; charset=utf-8 27.6597ms
2026-06-06 08:14:58.641 +05:30 [INF] Executed endpoint 'AIResumeScreeningSystem.Controllers.AccountController.Register (AIResumeScreeningSystem)'
2026-06-06 08:14:58.680 +05:30 [INF] Request starting HTTP/2 GET https://localhost:7170/_vs/browserLink - null null
2026-06-06 08:14:58.681 +05:30 [INF] Request starting HTTP/2 GET https://localhost:7170/_framework/aspnetcore-browser-refresh.js - null null
2026-06-06 08:14:58.685 +05:30 [INF] Request finished HTTP/2 GET https://localhost:7170/Account/Register - 200 null text/html; charset=utf-8 67.9695ms
2026-06-06 08:14:58.693 +05:30 [INF] Request finished HTTP/2 GET https://localhost:7170/_vs/browserLink - 200 null text/javascript; charset=UTF-8 12.6654ms
2026-06-06 08:14:58.694 +05:30 [INF] Request finished HTTP/2 GET https://localhost:7170/_framework/aspnetcore-browser-refresh.js - 200 14951 application/javascript; charset=utf-8 12.5354ms
2026-06-06 08:14:58.695 +05:30 [INF] Request starting HTTP/2 GET https://localhost:7170/_framework/aspnetcore-browser-refresh.js - null null
2026-06-06 08:14:58.695 +05:30 [INF] Request starting HTTP/2 GET https://localhost:7170/_vs/browserLink - null null
2026-06-06 08:14:58.709 +05:30 [INF] Request finished HTTP/2 GET https://localhost:7170/_framework/aspnetcore-browser-refresh.js - 200 14951 application/javascript; charset=utf-8 13.6448ms
2026-06-06 08:14:58.715 +05:30 [INF] Request finished HTTP/2 GET https://localhost:7170/_vs/browserLink - 200 null text/javascript; charset=UTF-8 19.7418ms
2026-06-06 08:17:39.993 +05:30 [INF] Request starting HTTP/2 GET https://localhost:7170/Account/Register - null null
2026-06-06 08:17:39.993 +05:30 [INF] Request starting HTTP/2 POST https://localhost:7170/Account/Register - application/x-www-form-urlencoded 355
2026-06-06 08:17:40.001 +05:30 [INF] Executing endpoint 'AIResumeScreeningSystem.Controllers.AccountController.Register (AIResumeScreeningSystem)'
2026-06-06 08:17:40.004 +05:30 [INF] Route matched with {action = "Register", controller = "Account"}. Executing controller action with signature Microsoft.AspNetCore.Mvc.IActionResult Register() on controller AIResumeScreeningSystem.Controllers.AccountController (AIResumeScreeningSystem).
2026-06-06 08:17:40.004 +05:30 [INF] Executing endpoint 'AIResumeScreeningSystem.Controllers.AccountController.Register (AIResumeScreeningSystem)'
2026-06-06 08:17:40.007 +05:30 [INF] Executing ViewResult, running view Register.
2026-06-06 08:17:40.011 +05:30 [INF] Route matched with {action = "Register", controller = "Account"}. Executing controller action with signature System.Threading.Tasks.Task`1[Microsoft.AspNetCore.Mvc.IActionResult] Register(AIResumeScreeningSystem.ViewModels.Account.RegisterViewModel) on controller AIResumeScreeningSystem.Controllers.AccountController (AIResumeScreeningSystem).
2026-06-06 08:17:40.015 +05:30 [INF] Executing ViewResult, running view Register.
2026-06-06 08:17:40.017 +05:30 [INF] Executed ViewResult - view Register executed in 2.4003ms.
2026-06-06 08:17:40.017 +05:30 [INF] Executed ViewResult - view Register executed in 10.7217ms.
2026-06-06 08:17:40.018 +05:30 [INF] Executed action AIResumeScreeningSystem.Controllers.AccountController.Register (AIResumeScreeningSystem) in 5.1613ms
2026-06-06 08:17:40.019 +05:30 [INF] Executed action AIResumeScreeningSystem.Controllers.AccountController.Register (AIResumeScreeningSystem) in 13.5208ms
2026-06-06 08:17:40.020 +05:30 [INF] Executed endpoint 'AIResumeScreeningSystem.Controllers.AccountController.Register (AIResumeScreeningSystem)'
2026-06-06 08:17:40.022 +05:30 [INF] Executed endpoint 'AIResumeScreeningSystem.Controllers.AccountController.Register (AIResumeScreeningSystem)'
2026-06-06 08:17:40.025 +05:30 [INF] Request finished HTTP/2 POST https://localhost:7170/Account/Register - 200 null text/html; charset=utf-8 31.3368ms
2026-06-06 08:17:40.026 +05:30 [INF] Request finished HTTP/2 GET https://localhost:7170/Account/Register - 200 null text/html; charset=utf-8 33.1317ms
2026-06-06 08:17:40.049 +05:30 [INF] Request starting HTTP/2 GET https://localhost:7170/_vs/browserLink - null null
2026-06-06 08:17:40.052 +05:30 [INF] Request starting HTTP/2 GET https://localhost:7170/_framework/aspnetcore-browser-refresh.js - null null
2026-06-06 08:17:40.056 +05:30 [INF] Request finished HTTP/2 GET https://localhost:7170/_framework/aspnetcore-browser-refresh.js - 200 14951 application/javascript; charset=utf-8 4.0693ms
2026-06-06 08:17:40.057 +05:30 [INF] Request finished HTTP/2 GET https://localhost:7170/_vs/browserLink - 200 null text/javascript; charset=UTF-8 7.7022ms
2026-06-06 08:17:40.059 +05:30 [INF] Request starting HTTP/2 GET https://localhost:7170/_framework/aspnetcore-browser-refresh.js - null null
2026-06-06 08:17:40.059 +05:30 [INF] Request starting HTTP/2 GET https://localhost:7170/_vs/browserLink - null null
2026-06-06 08:17:40.070 +05:30 [INF] Request finished HTTP/2 GET https://localhost:7170/_framework/aspnetcore-browser-refresh.js - 200 14951 application/javascript; charset=utf-8 10.7143ms
2026-06-06 08:17:40.078 +05:30 [INF] Request finished HTTP/2 GET https://localhost:7170/_vs/browserLink - 200 null text/javascript; charset=UTF-8 18.3783ms
2026-06-06 08:19:20.042 +05:30 [INF] Request starting HTTP/2 GET https://localhost:7170/Account/Register - null null
2026-06-06 08:19:20.042 +05:30 [INF] Request starting HTTP/2 POST https://localhost:7170/Account/Register - application/x-www-form-urlencoded 355
2026-06-06 08:19:20.049 +05:30 [INF] Executing endpoint 'AIResumeScreeningSystem.Controllers.AccountController.Register (AIResumeScreeningSystem)'
2026-06-06 08:19:20.053 +05:30 [INF] Route matched with {action = "Register", controller = "Account"}. Executing controller action with signature Microsoft.AspNetCore.Mvc.IActionResult Register() on controller AIResumeScreeningSystem.Controllers.AccountController (AIResumeScreeningSystem).
2026-06-06 08:19:20.053 +05:30 [INF] Executing endpoint 'AIResumeScreeningSystem.Controllers.AccountController.Register (AIResumeScreeningSystem)'
2026-06-06 08:19:20.059 +05:30 [INF] Executing ViewResult, running view Register.
2026-06-06 08:19:20.065 +05:30 [INF] Route matched with {action = "Register", controller = "Account"}. Executing controller action with signature System.Threading.Tasks.Task`1[Microsoft.AspNetCore.Mvc.IActionResult] Register(AIResumeScreeningSystem.ViewModels.Account.RegisterViewModel) on controller AIResumeScreeningSystem.Controllers.AccountController (AIResumeScreeningSystem).
2026-06-06 08:19:20.072 +05:30 [INF] Executing ViewResult, running view Register.
2026-06-06 08:19:20.079 +05:30 [INF] Executed ViewResult - view Register executed in 21.9556ms.
2026-06-06 08:19:20.079 +05:30 [INF] Executed ViewResult - view Register executed in 6.5015ms.
2026-06-06 08:19:20.081 +05:30 [INF] Executed action AIResumeScreeningSystem.Controllers.AccountController.Register (AIResumeScreeningSystem) in 25.8461ms
2026-06-06 08:19:20.082 +05:30 [INF] Executed action AIResumeScreeningSystem.Controllers.AccountController.Register (AIResumeScreeningSystem) in 14.3302ms
2026-06-06 08:19:20.084 +05:30 [INF] Executed endpoint 'AIResumeScreeningSystem.Controllers.AccountController.Register (AIResumeScreeningSystem)'
2026-06-06 08:19:20.086 +05:30 [INF] Executed endpoint 'AIResumeScreeningSystem.Controllers.AccountController.Register (AIResumeScreeningSystem)'
2026-06-06 08:19:20.099 +05:30 [INF] Request finished HTTP/2 GET https://localhost:7170/Account/Register - 200 null text/html; charset=utf-8 57.4316ms
2026-06-06 08:19:20.102 +05:30 [INF] Request finished HTTP/2 POST https://localhost:7170/Account/Register - 200 null text/html; charset=utf-8 59.6313ms
2026-06-06 08:19:20.121 +05:30 [INF] Request starting HTTP/2 GET https://localhost:7170/_vs/browserLink - null null
2026-06-06 08:19:20.122 +05:30 [INF] Request starting HTTP/2 GET https://localhost:7170/_framework/aspnetcore-browser-refresh.js - null null
2026-06-06 08:19:20.131 +05:30 [INF] Request finished HTTP/2 GET https://localhost:7170/_vs/browserLink - 200 null text/javascript; charset=UTF-8 9.6765ms
2026-06-06 08:19:20.132 +05:30 [INF] Request finished HTTP/2 GET https://localhost:7170/_framework/aspnetcore-browser-refresh.js - 200 14951 application/javascript; charset=utf-8 10.1751ms
2026-06-06 08:19:20.133 +05:30 [INF] Request starting HTTP/2 GET https://localhost:7170/_vs/browserLink - null null
2026-06-06 08:19:20.133 +05:30 [INF] Request starting HTTP/2 GET https://localhost:7170/_framework/aspnetcore-browser-refresh.js - null null
2026-06-06 08:19:20.151 +05:30 [INF] Request finished HTTP/2 GET https://localhost:7170/_vs/browserLink - 200 null text/javascript; charset=UTF-8 18.5442ms
2026-06-06 08:19:20.152 +05:30 [INF] Request finished HTTP/2 GET https://localhost:7170/_framework/aspnetcore-browser-refresh.js - 200 14951 application/javascript; charset=utf-8 18.6269ms
2026-06-06 08:19:38.954 +05:30 [INF] Request starting HTTP/2 POST https://localhost:7170/Account/Register - application/x-www-form-urlencoded 363
2026-06-06 08:19:38.958 +05:30 [INF] Executing endpoint 'AIResumeScreeningSystem.Controllers.AccountController.Register (AIResumeScreeningSystem)'
2026-06-06 08:19:38.959 +05:30 [INF] Route matched with {action = "Register", controller = "Account"}. Executing controller action with signature System.Threading.Tasks.Task`1[Microsoft.AspNetCore.Mvc.IActionResult] Register(AIResumeScreeningSystem.ViewModels.Account.RegisterViewModel) on controller AIResumeScreeningSystem.Controllers.AccountController (AIResumeScreeningSystem).
2026-06-06 08:19:39.063 +05:30 [INF] Executed DbCommand (18ms) [Parameters=[@__normalizedEmail_0='?' (Size = 256)], CommandType='"Text"', CommandTimeout='30']
SELECT TOP(2) [u].[Id], [u].[AccessFailedCount], [u].[ConcurrencyStamp], [u].[CreatedAt], [u].[Email], [u].[EmailConfirmed], [u].[FirstName], [u].[IsActive], [u].[LastName], [u].[LockoutEnabled], [u].[LockoutEnd], [u].[NormalizedEmail], [u].[NormalizedUserName], [u].[PasswordHash], [u].[PhoneNumber], [u].[PhoneNumberConfirmed], [u].[ProfileImagePath], [u].[SecurityStamp], [u].[TwoFactorEnabled], [u].[UpdatedAt], [u].[UserName]
FROM [Users] AS [u]
WHERE [u].[NormalizedEmail] = @__normalizedEmail_0
2026-06-06 08:19:39.068 +05:30 [INF] Executing ViewResult, running view Register.
2026-06-06 08:19:39.072 +05:30 [INF] Executed ViewResult - view Register executed in 4.0407ms.
2026-06-06 08:19:39.074 +05:30 [INF] Executed action AIResumeScreeningSystem.Controllers.AccountController.Register (AIResumeScreeningSystem) in 112.9547ms
2026-06-06 08:19:39.076 +05:30 [INF] Executed endpoint 'AIResumeScreeningSystem.Controllers.AccountController.Register (AIResumeScreeningSystem)'
2026-06-06 08:19:39.077 +05:30 [INF] Request finished HTTP/2 POST https://localhost:7170/Account/Register - 200 null text/html; charset=utf-8 122.8016ms
2026-06-06 08:19:39.095 +05:30 [INF] Request starting HTTP/2 GET https://localhost:7170/_framework/aspnetcore-browser-refresh.js - null null
2026-06-06 08:19:39.095 +05:30 [INF] Request starting HTTP/2 GET https://localhost:7170/_vs/browserLink - null null
2026-06-06 08:19:39.098 +05:30 [INF] Request finished HTTP/2 GET https://localhost:7170/_framework/aspnetcore-browser-refresh.js - 200 14951 application/javascript; charset=utf-8 2.4801ms
2026-06-06 08:19:39.102 +05:30 [INF] Request finished HTTP/2 GET https://localhost:7170/_vs/browserLink - 200 null text/javascript; charset=UTF-8 7.3136ms
2026-06-06 08:20:33.383 +05:30 [INF] Request starting HTTP/2 POST https://localhost:7170/Account/Register - application/x-www-form-urlencoded 363
2026-06-06 08:20:33.383 +05:30 [INF] Request starting HTTP/2 GET https://localhost:7170/Account/Register - null null
2026-06-06 08:20:33.387 +05:30 [INF] Executing endpoint 'AIResumeScreeningSystem.Controllers.AccountController.Register (AIResumeScreeningSystem)'
2026-06-06 08:20:33.394 +05:30 [INF] Executing endpoint 'AIResumeScreeningSystem.Controllers.AccountController.Register (AIResumeScreeningSystem)'
2026-06-06 08:20:33.395 +05:30 [INF] Route matched with {action = "Register", controller = "Account"}. Executing controller action with signature System.Threading.Tasks.Task`1[Microsoft.AspNetCore.Mvc.IActionResult] Register(AIResumeScreeningSystem.ViewModels.Account.RegisterViewModel) on controller AIResumeScreeningSystem.Controllers.AccountController (AIResumeScreeningSystem).
2026-06-06 08:20:33.396 +05:30 [INF] Route matched with {action = "Register", controller = "Account"}. Executing controller action with signature Microsoft.AspNetCore.Mvc.IActionResult Register() on controller AIResumeScreeningSystem.Controllers.AccountController (AIResumeScreeningSystem).
2026-06-06 08:20:33.400 +05:30 [INF] Executing ViewResult, running view Register.
2026-06-06 08:20:33.403 +05:30 [INF] Executed DbCommand (3ms) [Parameters=[@__normalizedEmail_0='?' (Size = 256)], CommandType='"Text"', CommandTimeout='30']
SELECT TOP(2) [u].[Id], [u].[AccessFailedCount], [u].[ConcurrencyStamp], [u].[CreatedAt], [u].[Email], [u].[EmailConfirmed], [u].[FirstName], [u].[IsActive], [u].[LastName], [u].[LockoutEnabled], [u].[LockoutEnd], [u].[NormalizedEmail], [u].[NormalizedUserName], [u].[PasswordHash], [u].[PhoneNumber], [u].[PhoneNumberConfirmed], [u].[ProfileImagePath], [u].[SecurityStamp], [u].[TwoFactorEnabled], [u].[UpdatedAt], [u].[UserName]
FROM [Users] AS [u]
WHERE [u].[NormalizedEmail] = @__normalizedEmail_0
2026-06-06 08:20:33.405 +05:30 [INF] Executing ViewResult, running view Register.
2026-06-06 08:20:33.407 +05:30 [INF] Executed ViewResult - view Register executed in 7.9418ms.
2026-06-06 08:20:33.409 +05:30 [INF] Executed ViewResult - view Register executed in 3.7628ms.
2026-06-06 08:20:33.409 +05:30 [INF] Executed action AIResumeScreeningSystem.Controllers.AccountController.Register (AIResumeScreeningSystem) in 10.1523ms
2026-06-06 08:20:33.411 +05:30 [INF] Executed action AIResumeScreeningSystem.Controllers.AccountController.Register (AIResumeScreeningSystem) in 13.2548ms
2026-06-06 08:20:33.412 +05:30 [INF] Executed endpoint 'AIResumeScreeningSystem.Controllers.AccountController.Register (AIResumeScreeningSystem)'
2026-06-06 08:20:33.414 +05:30 [INF] Executed endpoint 'AIResumeScreeningSystem.Controllers.AccountController.Register (AIResumeScreeningSystem)'
2026-06-06 08:20:33.415 +05:30 [INF] Request finished HTTP/2 GET https://localhost:7170/Account/Register - 200 null text/html; charset=utf-8 32.1596ms
2026-06-06 08:20:33.417 +05:30 [INF] Request finished HTTP/2 POST https://localhost:7170/Account/Register - 200 null text/html; charset=utf-8 33.6896ms
2026-06-06 08:20:33.439 +05:30 [INF] Request starting HTTP/2 GET https://localhost:7170/_framework/aspnetcore-browser-refresh.js - null null
2026-06-06 08:20:33.439 +05:30 [INF] Request starting HTTP/2 GET https://localhost:7170/_vs/browserLink - null null
2026-06-06 08:20:33.441 +05:30 [INF] Request starting HTTP/2 GET https://localhost:7170/_vs/browserLink - null null
2026-06-06 08:20:33.444 +05:30 [INF] Request finished HTTP/2 GET https://localhost:7170/_framework/aspnetcore-browser-refresh.js - 200 14951 application/javascript; charset=utf-8 5.3761ms
2026-06-06 08:20:33.445 +05:30 [INF] Request starting HTTP/2 GET https://localhost:7170/_framework/aspnetcore-browser-refresh.js - null null
2026-06-06 08:20:33.450 +05:30 [INF] Request finished HTTP/2 GET https://localhost:7170/_vs/browserLink - 200 null text/javascript; charset=UTF-8 11.0245ms
2026-06-06 08:20:33.453 +05:30 [INF] Request finished HTTP/2 GET https://localhost:7170/_vs/browserLink - 200 null text/javascript; charset=UTF-8 12.6334ms
2026-06-06 08:20:33.456 +05:30 [INF] Request finished HTTP/2 GET https://localhost:7170/_framework/aspnetcore-browser-refresh.js - 200 14951 application/javascript; charset=utf-8 11.1146ms
2026-06-06 08:21:24.731 +05:30 [INF] User profile is available. Using 'C:\Users\uSER\AppData\Local\ASP.NET\DataProtection-Keys' as key repository and Windows DPAPI to encrypt keys at rest.
2026-06-06 08:21:25.718 +05:30 [INF] Executed DbCommand (22ms) [Parameters=[], CommandType='"Text"', CommandTimeout='30']
SELECT 1
2026-06-06 08:21:25.753 +05:30 [INF] Executed DbCommand (20ms) [Parameters=[], CommandType='"Text"', CommandTimeout='30']
SELECT OBJECT_ID(N'[__EFMigrationsHistory]');
2026-06-06 08:21:25.757 +05:30 [INF] Executed DbCommand (1ms) [Parameters=[], CommandType='"Text"', CommandTimeout='30']
SELECT 1
2026-06-06 08:21:25.760 +05:30 [INF] Executed DbCommand (1ms) [Parameters=[], CommandType='"Text"', CommandTimeout='30']
SELECT OBJECT_ID(N'[__EFMigrationsHistory]');
2026-06-06 08:21:25.785 +05:30 [INF] Executed DbCommand (13ms) [Parameters=[], CommandType='"Text"', CommandTimeout='30']
SELECT [MigrationId], [ProductVersion]
FROM [__EFMigrationsHistory]
ORDER BY [MigrationId];
2026-06-06 08:21:25.802 +05:30 [INF] No migrations were applied. The database is already up to date.
2026-06-06 08:21:26.023 +05:30 [INF] Executed DbCommand (14ms) [Parameters=[@__normalizedName_0='?' (Size = 256)], CommandType='"Text"', CommandTimeout='30']
SELECT TOP(1) [r].[Id], [r].[ConcurrencyStamp], [r].[Name], [r].[NormalizedName]
FROM [Roles] AS [r]
WHERE [r].[NormalizedName] = @__normalizedName_0
2026-06-06 08:21:26.072 +05:30 [INF] Executed DbCommand (1ms) [Parameters=[@__normalizedName_0='?' (Size = 256)], CommandType='"Text"', CommandTimeout='30']
SELECT TOP(1) [r].[Id], [r].[ConcurrencyStamp], [r].[Name], [r].[NormalizedName]
FROM [Roles] AS [r]
WHERE [r].[NormalizedName] = @__normalizedName_0
2026-06-06 08:21:26.076 +05:30 [INF] Executed DbCommand (0ms) [Parameters=[@__normalizedName_0='?' (Size = 256)], CommandType='"Text"', CommandTimeout='30']
SELECT TOP(1) [r].[Id], [r].[ConcurrencyStamp], [r].[Name], [r].[NormalizedName]
FROM [Roles] AS [r]
WHERE [r].[NormalizedName] = @__normalizedName_0
2026-06-06 08:21:26.094 +05:30 [INF] Executed DbCommand (5ms) [Parameters=[@__normalizedEmail_0='?' (Size = 256)], CommandType='"Text"', CommandTimeout='30']
SELECT TOP(2) [u].[Id], [u].[AccessFailedCount], [u].[ConcurrencyStamp], [u].[CreatedAt], [u].[Email], [u].[EmailConfirmed], [u].[FirstName], [u].[IsActive], [u].[LastName], [u].[LockoutEnabled], [u].[LockoutEnd], [u].[NormalizedEmail], [u].[NormalizedUserName], [u].[PasswordHash], [u].[PhoneNumber], [u].[PhoneNumberConfirmed], [u].[ProfileImagePath], [u].[SecurityStamp], [u].[TwoFactorEnabled], [u].[UpdatedAt], [u].[UserName]
FROM [Users] AS [u]
WHERE [u].[NormalizedEmail] = @__normalizedEmail_0
2026-06-06 08:21:26.248 +05:30 [INF] Now listening on: https://localhost:7170
2026-06-06 08:21:26.249 +05:30 [INF] Now listening on: http://localhost:5263
2026-06-06 08:21:26.290 +05:30 [INF] Application started. Press Ctrl+C to shut down.
2026-06-06 08:21:26.292 +05:30 [INF] Hosting environment: Development
2026-06-06 08:21:26.294 +05:30 [INF] Content root path: D:\Dot Net\AIResumeScreeningSystem\AIResumeScreeningSystem
2026-06-06 08:21:26.905 +05:30 [INF] Request starting HTTP/2 GET https://localhost:7170/ - null null
2026-06-06 08:21:27.177 +05:30 [INF] Executing endpoint 'AIResumeScreeningSystem.Controllers.HomeController.Index (AIResumeScreeningSystem)'
2026-06-06 08:21:27.192 +05:30 [INF] Route matched with {action = "Index", controller = "Home"}. Executing controller action with signature Microsoft.AspNetCore.Mvc.IActionResult Index() on controller AIResumeScreeningSystem.Controllers.HomeController (AIResumeScreeningSystem).
2026-06-06 08:21:27.215 +05:30 [INF] Executing ViewResult, running view Index.
2026-06-06 08:21:27.373 +05:30 [INF] Executed ViewResult - view Index executed in 162.1314ms.
2026-06-06 08:21:27.384 +05:30 [INF] Executed action AIResumeScreeningSystem.Controllers.HomeController.Index (AIResumeScreeningSystem) in 186.5545ms
2026-06-06 08:21:27.388 +05:30 [INF] Executed endpoint 'AIResumeScreeningSystem.Controllers.HomeController.Index (AIResumeScreeningSystem)'
2026-06-06 08:21:27.395 +05:30 [INF] Request starting HTTP/2 GET https://localhost:7170/_framework/aspnetcore-browser-refresh.js - null null
2026-06-06 08:21:27.395 +05:30 [INF] Request starting HTTP/2 GET https://localhost:7170/_vs/browserLink - null null
2026-06-06 08:21:27.410 +05:30 [INF] Request finished HTTP/2 GET https://localhost:7170/ - 200 null text/html; charset=utf-8 507.0888ms
2026-06-06 08:21:27.412 +05:30 [INF] Request finished HTTP/2 GET https://localhost:7170/_framework/aspnetcore-browser-refresh.js - 200 14951 application/javascript; charset=utf-8 17.3641ms
2026-06-06 08:21:27.471 +05:30 [INF] Request finished HTTP/2 GET https://localhost:7170/_vs/browserLink - 200 null text/javascript; charset=UTF-8 76.1987ms
2026-06-06 08:21:29.347 +05:30 [INF] Request starting HTTP/2 GET https://localhost:7170/Account/Register - null null
2026-06-06 08:21:29.357 +05:30 [INF] Executing endpoint 'AIResumeScreeningSystem.Controllers.AccountController.Register (AIResumeScreeningSystem)'
2026-06-06 08:21:29.360 +05:30 [INF] Route matched with {action = "Register", controller = "Account"}. Executing controller action with signature Microsoft.AspNetCore.Mvc.IActionResult Register() on controller AIResumeScreeningSystem.Controllers.AccountController (AIResumeScreeningSystem).
2026-06-06 08:21:29.367 +05:30 [INF] Executing ViewResult, running view Register.
2026-06-06 08:21:29.456 +05:30 [INF] Executed ViewResult - view Register executed in 90.198ms.
2026-06-06 08:21:29.458 +05:30 [INF] Executed action AIResumeScreeningSystem.Controllers.AccountController.Register (AIResumeScreeningSystem) in 95.9476ms
2026-06-06 08:21:29.460 +05:30 [INF] Executed endpoint 'AIResumeScreeningSystem.Controllers.AccountController.Register (AIResumeScreeningSystem)'
2026-06-06 08:21:29.462 +05:30 [INF] Request finished HTTP/2 GET https://localhost:7170/Account/Register - 200 null text/html; charset=utf-8 115.486ms
2026-06-06 08:21:29.480 +05:30 [INF] Request starting HTTP/2 GET https://localhost:7170/_framework/aspnetcore-browser-refresh.js - null null
2026-06-06 08:21:29.480 +05:30 [INF] Request starting HTTP/2 GET https://localhost:7170/_vs/browserLink - null null
2026-06-06 08:21:29.483 +05:30 [INF] Request finished HTTP/2 GET https://localhost:7170/_framework/aspnetcore-browser-refresh.js - 200 14951 application/javascript; charset=utf-8 3.82ms
2026-06-06 08:21:29.495 +05:30 [INF] Request finished HTTP/2 GET https://localhost:7170/_vs/browserLink - 200 null text/javascript; charset=UTF-8 15.5302ms
2026-06-06 08:21:52.742 +05:30 [INF] Request starting HTTP/2 POST https://localhost:7170/Account/Register - application/x-www-form-urlencoded 374
2026-06-06 08:21:52.751 +05:30 [INF] Executing endpoint 'AIResumeScreeningSystem.Controllers.AccountController.Register (AIResumeScreeningSystem)'
2026-06-06 08:21:52.762 +05:30 [INF] Route matched with {action = "Register", controller = "Account"}. Executing controller action with signature System.Threading.Tasks.Task`1[Microsoft.AspNetCore.Mvc.IActionResult] Register(AIResumeScreeningSystem.ViewModels.Account.RegisterViewModel) on controller AIResumeScreeningSystem.Controllers.AccountController (AIResumeScreeningSystem).
2026-06-06 08:21:52.817 +05:30 [INF] Executed DbCommand (1ms) [Parameters=[@__normalizedEmail_0='?' (Size = 256)], CommandType='"Text"', CommandTimeout='30']
SELECT TOP(2) [u].[Id], [u].[AccessFailedCount], [u].[ConcurrencyStamp], [u].[CreatedAt], [u].[Email], [u].[EmailConfirmed], [u].[FirstName], [u].[IsActive], [u].[LastName], [u].[LockoutEnabled], [u].[LockoutEnd], [u].[NormalizedEmail], [u].[NormalizedUserName], [u].[PasswordHash], [u].[PhoneNumber], [u].[PhoneNumberConfirmed], [u].[ProfileImagePath], [u].[SecurityStamp], [u].[TwoFactorEnabled], [u].[UpdatedAt], [u].[UserName]
FROM [Users] AS [u]
WHERE [u].[NormalizedEmail] = @__normalizedEmail_0
2026-06-06 08:21:52.822 +05:30 [INF] Executing ViewResult, running view Register.
2026-06-06 08:21:52.833 +05:30 [INF] Executed ViewResult - view Register executed in 11.1707ms.
2026-06-06 08:21:52.834 +05:30 [INF] Executed action AIResumeScreeningSystem.Controllers.AccountController.Register (AIResumeScreeningSystem) in 71.131ms
2026-06-06 08:21:52.836 +05:30 [INF] Executed endpoint 'AIResumeScreeningSystem.Controllers.AccountController.Register (AIResumeScreeningSystem)'
2026-06-06 08:21:52.844 +05:30 [INF] Request finished HTTP/2 POST https://localhost:7170/Account/Register - 200 null text/html; charset=utf-8 101.5164ms
2026-06-06 08:21:52.860 +05:30 [INF] Request starting HTTP/2 GET https://localhost:7170/_vs/browserLink - null null
2026-06-06 08:21:52.861 +05:30 [INF] Request starting HTTP/2 GET https://localhost:7170/_framework/aspnetcore-browser-refresh.js - null null
2026-06-06 08:21:52.868 +05:30 [INF] Request finished HTTP/2 GET https://localhost:7170/_framework/aspnetcore-browser-refresh.js - 200 14951 application/javascript; charset=utf-8 6.6509ms
2026-06-06 08:21:52.874 +05:30 [INF] Request finished HTTP/2 GET https://localhost:7170/_vs/browserLink - 200 null text/javascript; charset=UTF-8 13.5684ms
2026-06-06 08:22:22.348 +05:30 [INF] Request starting HTTP/2 POST https://localhost:7170/Account/Register - application/x-www-form-urlencoded 375
2026-06-06 08:22:22.353 +05:30 [INF] Executing endpoint 'AIResumeScreeningSystem.Controllers.AccountController.Register (AIResumeScreeningSystem)'
2026-06-06 08:22:22.354 +05:30 [INF] Route matched with {action = "Register", controller = "Account"}. Executing controller action with signature System.Threading.Tasks.Task`1[Microsoft.AspNetCore.Mvc.IActionResult] Register(AIResumeScreeningSystem.ViewModels.Account.RegisterViewModel) on controller AIResumeScreeningSystem.Controllers.AccountController (AIResumeScreeningSystem).
2026-06-06 08:22:22.434 +05:30 [INF] Executed DbCommand (3ms) [Parameters=[@__normalizedEmail_0='?' (Size = 256)], CommandType='"Text"', CommandTimeout='30']
SELECT TOP(2) [u].[Id], [u].[AccessFailedCount], [u].[ConcurrencyStamp], [u].[CreatedAt], [u].[Email], [u].[EmailConfirmed], [u].[FirstName], [u].[IsActive], [u].[LastName], [u].[LockoutEnabled], [u].[LockoutEnd], [u].[NormalizedEmail], [u].[NormalizedUserName], [u].[PasswordHash], [u].[PhoneNumber], [u].[PhoneNumberConfirmed], [u].[ProfileImagePath], [u].[SecurityStamp], [u].[TwoFactorEnabled], [u].[UpdatedAt], [u].[UserName]
FROM [Users] AS [u]
WHERE [u].[NormalizedEmail] = @__normalizedEmail_0
2026-06-06 08:22:22.528 +05:30 [INF] Executed DbCommand (2ms) [Parameters=[@__normalizedUserName_0='?' (Size = 256)], CommandType='"Text"', CommandTimeout='30']
SELECT TOP(1) [u].[Id], [u].[AccessFailedCount], [u].[ConcurrencyStamp], [u].[CreatedAt], [u].[Email], [u].[EmailConfirmed], [u].[FirstName], [u].[IsActive], [u].[LastName], [u].[LockoutEnabled], [u].[LockoutEnd], [u].[NormalizedEmail], [u].[NormalizedUserName], [u].[PasswordHash], [u].[PhoneNumber], [u].[PhoneNumberConfirmed], [u].[ProfileImagePath], [u].[SecurityStamp], [u].[TwoFactorEnabled], [u].[UpdatedAt], [u].[UserName]
FROM [Users] AS [u]
WHERE [u].[NormalizedUserName] = @__normalizedUserName_0
2026-06-06 08:22:22.533 +05:30 [INF] Executed DbCommand (1ms) [Parameters=[@__normalizedEmail_0='?' (Size = 256)], CommandType='"Text"', CommandTimeout='30']
SELECT TOP(2) [u].[Id], [u].[AccessFailedCount], [u].[ConcurrencyStamp], [u].[CreatedAt], [u].[Email], [u].[EmailConfirmed], [u].[FirstName], [u].[IsActive], [u].[LastName], [u].[LockoutEnabled], [u].[LockoutEnd], [u].[NormalizedEmail], [u].[NormalizedUserName], [u].[PasswordHash], [u].[PhoneNumber], [u].[PhoneNumberConfirmed], [u].[ProfileImagePath], [u].[SecurityStamp], [u].[TwoFactorEnabled], [u].[UpdatedAt], [u].[UserName]
FROM [Users] AS [u]
WHERE [u].[NormalizedEmail] = @__normalizedEmail_0
2026-06-06 08:22:22.632 +05:30 [INF] Executed DbCommand (6ms) [Parameters=[@p0='?' (Size = 450), @p1='?' (DbType = Int32), @p2='?' (Size = 4000), @p3='?' (DbType = DateTime2), @p4='?' (Size = 256), @p5='?' (DbType = Boolean), @p6='?' (Size = 100), @p7='?' (DbType = Boolean), @p8='?' (Size = 100), @p9='?' (DbType = Boolean), @p10='?' (DbType = DateTimeOffset), @p11='?' (Size = 256), @p12='?' (Size = 256), @p13='?' (Size = 4000), @p14='?' (Size = 20), @p15='?' (DbType = Boolean), @p16='?' (Size = 500), @p17='?' (Size = 4000), @p18='?' (DbType = Boolean), @p19='?' (DbType = DateTime2), @p20='?' (Size = 256)], CommandType='"Text"', CommandTimeout='30']
SET IMPLICIT_TRANSACTIONS OFF;
SET NOCOUNT ON;
INSERT INTO [Users] ([Id], [AccessFailedCount], [ConcurrencyStamp], [CreatedAt], [Email], [EmailConfirmed], [FirstName], [IsActive], [LastName], [LockoutEnabled], [LockoutEnd], [NormalizedEmail], [NormalizedUserName], [PasswordHash], [PhoneNumber], [PhoneNumberConfirmed], [ProfileImagePath], [SecurityStamp], [TwoFactorEnabled], [UpdatedAt], [UserName])
VALUES (@p0, @p1, @p2, @p3, @p4, @p5, @p6, @p7, @p8, @p9, @p10, @p11, @p12, @p13, @p14, @p15, @p16, @p17, @p18, @p19, @p20);
2026-06-06 08:22:22.653 +05:30 [INF] Executed DbCommand (3ms) [Parameters=[@__normalizedRoleName_0='?' (Size = 256)], CommandType='"Text"', CommandTimeout='30']
SELECT TOP(2) [r].[Id], [r].[ConcurrencyStamp], [r].[Name], [r].[NormalizedName]
FROM [Roles] AS [r]
WHERE [r].[NormalizedName] = @__normalizedRoleName_0
2026-06-06 08:22:22.684 +05:30 [INF] Executed DbCommand (3ms) [Parameters=[@__p_0='?' (Size = 450), @__p_1='?' (Size = 450)], CommandType='"Text"', CommandTimeout='30']
SELECT TOP(1) [u].[UserId], [u].[RoleId]
FROM [UserRoles] AS [u]
WHERE [u].[UserId] = @__p_0 AND [u].[RoleId] = @__p_1
2026-06-06 08:22:22.692 +05:30 [INF] Executed DbCommand (3ms) [Parameters=[@__normalizedRoleName_0='?' (Size = 256)], CommandType='"Text"', CommandTimeout='30']
SELECT TOP(2) [r].[Id], [r].[ConcurrencyStamp], [r].[Name], [r].[NormalizedName]
FROM [Roles] AS [r]
WHERE [r].[NormalizedName] = @__normalizedRoleName_0
2026-06-06 08:22:22.708 +05:30 [INF] Executed DbCommand (4ms) [Parameters=[@__normalizedUserName_0='?' (Size = 256)], CommandType='"Text"', CommandTimeout='30']
SELECT TOP(1) [u].[Id], [u].[AccessFailedCount], [u].[ConcurrencyStamp], [u].[CreatedAt], [u].[Email], [u].[EmailConfirmed], [u].[FirstName], [u].[IsActive], [u].[LastName], [u].[LockoutEnabled], [u].[LockoutEnd], [u].[NormalizedEmail], [u].[NormalizedUserName], [u].[PasswordHash], [u].[PhoneNumber], [u].[PhoneNumberConfirmed], [u].[ProfileImagePath], [u].[SecurityStamp], [u].[TwoFactorEnabled], [u].[UpdatedAt], [u].[UserName]
FROM [Users] AS [u]
WHERE [u].[NormalizedUserName] = @__normalizedUserName_0
2026-06-06 08:22:22.714 +05:30 [INF] Executed DbCommand (2ms) [Parameters=[@__normalizedEmail_0='?' (Size = 256)], CommandType='"Text"', CommandTimeout='30']
SELECT TOP(2) [u].[Id], [u].[AccessFailedCount], [u].[ConcurrencyStamp], [u].[CreatedAt], [u].[Email], [u].[EmailConfirmed], [u].[FirstName], [u].[IsActive], [u].[LastName], [u].[LockoutEnabled], [u].[LockoutEnd], [u].[NormalizedEmail], [u].[NormalizedUserName], [u].[PasswordHash], [u].[PhoneNumber], [u].[PhoneNumberConfirmed], [u].[ProfileImagePath], [u].[SecurityStamp], [u].[TwoFactorEnabled], [u].[UpdatedAt], [u].[UserName]
FROM [Users] AS [u]
WHERE [u].[NormalizedEmail] = @__normalizedEmail_0
2026-06-06 08:22:22.750 +05:30 [INF] Executed DbCommand (10ms) [Parameters=[@p0='?' (Size = 450), @p1='?' (Size = 450), @p22='?' (Size = 450), @p2='?' (DbType = Int32), @p3='?' (Size = 4000), @p23='?' (Size = 4000), @p4='?' (DbType = DateTime2), @p5='?' (Size = 256), @p6='?' (DbType = Boolean), @p7='?' (Size = 100), @p8='?' (DbType = Boolean), @p9='?' (Size = 100), @p10='?' (DbType = Boolean), @p11='?' (DbType = DateTimeOffset), @p12='?' (Size = 256), @p13='?' (Size = 256), @p14='?' (Size = 4000), @p15='?' (Size = 20), @p16='?' (DbType = Boolean), @p17='?' (Size = 500), @p18='?' (Size = 4000), @p19='?' (DbType = Boolean), @p20='?' (DbType = DateTime2), @p21='?' (Size = 256)], CommandType='"Text"', CommandTimeout='30']
SET NOCOUNT ON;
INSERT INTO [UserRoles] ([RoleId], [UserId])
VALUES (@p0, @p1);
UPDATE [Users] SET [AccessFailedCount] = @p2, [ConcurrencyStamp] = @p3, [CreatedAt] = @p4, [Email] = @p5, [EmailConfirmed] = @p6, [FirstName] = @p7, [IsActive] = @p8, [LastName] = @p9, [LockoutEnabled] = @p10, [LockoutEnd] = @p11, [NormalizedEmail] = @p12, [NormalizedUserName] = @p13, [PasswordHash] = @p14, [PhoneNumber] = @p15, [PhoneNumberConfirmed] = @p16, [ProfileImagePath] = @p17, [SecurityStamp] = @p18, [TwoFactorEnabled] = @p19, [UpdatedAt] = @p20, [UserName] = @p21
OUTPUT 1
WHERE [Id] = @p22 AND [ConcurrencyStamp] = @p23;
2026-06-06 08:22:22.826 +05:30 [INF] Executed DbCommand (4ms) [Parameters=[@p0='?' (DbType = DateTime2), @p1='?' (Size = 200), @p2='?' (Size = 200), @p3='?' (Size = 200), @p4='?' (DbType = Int32), @p5='?' (Size = 500), @p6='?' (Size = 100), @p7='?' (DbType = Boolean), @p8='?' (Size = 200), @p9='?' (Size = 200), @p10='?' (Size = 200), @p11='?' (Size = 4000), @p12='?' (DbType = Int32), @p13='?' (Size = 200), @p14='?' (DbType = DateTime2), @p15='?' (Size = 450)], CommandType='"Text"', CommandTimeout='30']
SET IMPLICIT_TRANSACTIONS OFF;
SET NOCOUNT ON;
INSERT INTO [Candidates] ([CreatedAt], [CurrentCompany], [CurrentJobTitle], [GitHubUrl], [GraduationYear], [Headline], [HighestEducation], [IsAvailable], [LinkedInUrl], [Location], [PortfolioUrl], [Summary], [TotalExperienceYears], [University], [UpdatedAt], [UserId])
OUTPUT INSERTED.[Id]
VALUES (@p0, @p1, @p2, @p3, @p4, @p5, @p6, @p7, @p8, @p9, @p10, @p11, @p12, @p13, @p14, @p15);
2026-06-06 08:22:22.838 +05:30 [INF] New user registered: sarthak894056@gmail.com as Candidate
2026-06-06 08:22:22.840 +05:30 [INF] Executing RedirectResult, redirecting to /Account/Login.
2026-06-06 08:22:22.883 +05:30 [INF] Executed action AIResumeScreeningSystem.Controllers.AccountController.Register (AIResumeScreeningSystem) in 527.14ms
2026-06-06 08:22:22.884 +05:30 [INF] Executed endpoint 'AIResumeScreeningSystem.Controllers.AccountController.Register (AIResumeScreeningSystem)'
2026-06-06 08:22:22.885 +05:30 [INF] Request finished HTTP/2 POST https://localhost:7170/Account/Register - 302 null null 536.9634ms
2026-06-06 08:22:22.889 +05:30 [INF] Request starting HTTP/2 GET https://localhost:7170/Account/Login - null null
2026-06-06 08:22:22.892 +05:30 [INF] Executing endpoint 'AIResumeScreeningSystem.Controllers.AccountController.Login (AIResumeScreeningSystem)'
2026-06-06 08:22:22.895 +05:30 [INF] Route matched with {action = "Login", controller = "Account"}. Executing controller action with signature Microsoft.AspNetCore.Mvc.IActionResult Login(System.String) on controller AIResumeScreeningSystem.Controllers.AccountController (AIResumeScreeningSystem).
2026-06-06 08:22:22.898 +05:30 [INF] Executing ViewResult, running view Login.
2026-06-06 08:22:22.932 +05:30 [INF] Executed ViewResult - view Login executed in 34.5669ms.
2026-06-06 08:22:22.933 +05:30 [INF] Executed action AIResumeScreeningSystem.Controllers.AccountController.Login (AIResumeScreeningSystem) in 37.0249ms
2026-06-06 08:22:22.935 +05:30 [INF] Executed endpoint 'AIResumeScreeningSystem.Controllers.AccountController.Login (AIResumeScreeningSystem)'
2026-06-06 08:22:22.936 +05:30 [INF] Request finished HTTP/2 GET https://localhost:7170/Account/Login - 200 null text/html; charset=utf-8 47.894ms
2026-06-06 08:22:22.958 +05:30 [INF] Request starting HTTP/2 GET https://localhost:7170/_vs/browserLink - null null
2026-06-06 08:22:22.958 +05:30 [INF] Request starting HTTP/2 GET https://localhost:7170/_framework/aspnetcore-browser-refresh.js - null null
2026-06-06 08:22:22.965 +05:30 [INF] Request finished HTTP/2 GET https://localhost:7170/_framework/aspnetcore-browser-refresh.js - 200 14951 application/javascript; charset=utf-8 6.7232ms
2026-06-06 08:22:22.967 +05:30 [INF] Request finished HTTP/2 GET https://localhost:7170/_vs/browserLink - 200 null text/javascript; charset=UTF-8 8.2632ms
2026-06-06 08:22:24.909 +05:30 [ERR] Failed to send email to sarthak894056@gmail.com
System.Net.Mail.SmtpException: The SMTP server requires a secure connection or the client was not authenticated. The server response was: 5.7.0 Authentication Required. For more information, go to
   at System.Net.Mail.MailCommand.CheckResponse(SmtpStatusCode statusCode, String response)
   at System.Net.Mail.MailCommand.EndSend(IAsyncResult result)
   at System.Net.Mail.SendMailAsyncResult.SendMailFromCompleted(IAsyncResult result)
--- End of stack trace from previous location ---
   at System.Net.Mail.SendMailAsyncResult.End(IAsyncResult result)
   at System.Net.Mail.SmtpClient.SendMailCallback(IAsyncResult result)
--- End of stack trace from previous location ---
   at AIResumeScreeningSystem.Services.Implementations.EmailService.SendEmailAsync(String toEmail, String subject, String htmlBody) in D:\Dot Net\AIResumeScreeningSystem\AIResumeScreeningSystem\Services\Implementations\EmailService.cs:line 45
2026-06-06 08:22:32.998 +05:30 [INF] Request starting HTTP/2 GET https://localhost:7170/Account/Register - null null
2026-06-06 08:22:33.003 +05:30 [INF] Executing endpoint 'AIResumeScreeningSystem.Controllers.AccountController.Register (AIResumeScreeningSystem)'
2026-06-06 08:22:33.004 +05:30 [INF] Route matched with {action = "Register", controller = "Account"}. Executing controller action with signature Microsoft.AspNetCore.Mvc.IActionResult Register() on controller AIResumeScreeningSystem.Controllers.AccountController (AIResumeScreeningSystem).
2026-06-06 08:22:33.006 +05:30 [INF] Executing ViewResult, running view Register.
2026-06-06 08:22:33.010 +05:30 [INF] Executed ViewResult - view Register executed in 4.5712ms.
2026-06-06 08:22:33.012 +05:30 [INF] Executed action AIResumeScreeningSystem.Controllers.AccountController.Register (AIResumeScreeningSystem) in 6.53ms
2026-06-06 08:22:33.013 +05:30 [INF] Executed endpoint 'AIResumeScreeningSystem.Controllers.AccountController.Register (AIResumeScreeningSystem)'
2026-06-06 08:22:33.015 +05:30 [INF] Request finished HTTP/2 GET https://localhost:7170/Account/Register - 200 null text/html; charset=utf-8 16.1198ms
2026-06-06 08:22:33.032 +05:30 [INF] Request starting HTTP/2 GET https://localhost:7170/_vs/browserLink - null null
2026-06-06 08:22:33.033 +05:30 [INF] Request starting HTTP/2 GET https://localhost:7170/_framework/aspnetcore-browser-refresh.js - null null
2026-06-06 08:22:33.037 +05:30 [INF] Request finished HTTP/2 GET https://localhost:7170/_framework/aspnetcore-browser-refresh.js - 200 14951 application/javascript; charset=utf-8 4.3649ms
2026-06-06 08:22:33.038 +05:30 [INF] Request finished HTTP/2 GET https://localhost:7170/_vs/browserLink - 200 null text/javascript; charset=UTF-8 5.6875ms
